Rec,Time,P1,P2
0.128,4,0.161036658,0.797462001
0.137,5,0.163795493,0.797463707
0.14,6,0.168069227,0.797467988
0.143,7,0.173902428,0.797476748
0.149,8,0.181226033,0.797492338
0.155,9,0.189901481,0.797517416
0.165,10,0.199754417,0.79755482
0.169,11,0.21059785,0.797607438
0.181,12,0.222246929,0.797678111
0.191,13,0.234527704,0.79776955
0.201,14,0.24728177,0.797884281
0.21,15,0.260368259,0.7980246
0.218,16,0.273664151,0.79819255
0.228,17,0.287063591,0.79838991
0.236,18,0.300476659,0.798618189
0.242,19,0.313827874,0.798878634
0.26,20,0.327054617,0.799172232
0.27,21,0.340105585,0.799499734
0.278,22,0.352939317,0.799861659
0.294,23,0.365522862,0.800258321
0.306,24,0.377830559,0.80068984
0.32,25,0.389842968,0.801156161
0.332,26,0.40154592,0.801657076
0.346,27,0.412929692,0.802192233
0.358,28,0.423988287,0.80276116
0.367,29,0.434718819,0.803363275
0.381,30,0.445120978,0.803997903
0.391,31,0.455196573,0.804664288
0.398,32,0.464949142,0.805361605
0.411,33,0.474383621,0.806088971
0.417,34,0.483506062,0.806845458
0.43,35,0.49232339,0.807630096
0.436,36,0.500843208,0.808441889
0.445,37,0.509073618,0.809279815
0.453,38,0.517023085,0.810142839
0.461,39,0.524700316,0.811029914
0.466,40,0.532114156,0.811939991
0.477,41,0.53927351,0.812872018
0.478,42,0.546187274,0.81382495
0.487,43,0.552864277,0.814797747
0.488,44,0.559313239,0.815789383
0.493,45,0.56554273,0.816798843
0.497,46,0.571561145,0.817825129
0.504,47,0.57737668,0.818867261
0.509,48,0.582997314,0.819924279
0.512,49,0.588430798,0.820995242
0.523,50,0.593684644,0.822079233
0.531,51,0.598766121,0.823175358
0.538,52,0.603682249,0.824282746
0.544,53,0.608439804,0.82540055
0.549,54,0.61304531,0.826527947
0.554,55,0.617505051,0.827664142
0.562,56,0.621825066,0.828808361
0.567,57,0.626011159,0.829959858
0.575,58,0.630068901,0.831117911
0.581,59,0.634003638,0.832281822
0.585,60,0.637820496,0.833450918
0.587,61,0.641524387,0.834624552
0.592,62,0.645120019,0.835802097
0.595,63,0.648611897,0.836982953
0.599,64,0.652004336,0.838166542
0.601,65,0.655301464,0.839352309
0.604,66,0.658507232,0.840539719
0.606,67,0.661625416,0.841728263
0.609,68,0.664659631,0.842917448
0.611,69,0.667613331,0.844106806
0.614,70,0.670489819,0.845295886
0.616,71,0.673292251,0.846484258
0.619,72,0.676023646,0.847671511
0.62,73,0.678686888,0.848857251
0.624,74,0.681284732,0.850041103
0.624,75,0.683819813,0.85122271
0.625,76,0.686294648,0.852401731
0.628,77,0.688711641,0.853577839
0.629,78,0.691073093,0.854750728
0.63,79,0.693381198,0.855920101
0.63,80,0.695638057,0.85708568
0.633,81,0.697845674,0.8582472
0.634,82,0.700005967,0.859404409
0.638,83,0.702120768,0.860557068
0.641,84,0.704191828,0.861704952
0.642,85,0.706220821,0.862847848
0.643,86,0.708209346,0.863985553
0.647,87,0.710158933,0.865117878
0.647,88,0.712071044,0.866244643
0.649,89,0.713947077,0.867365679
0.65,90,0.715788368,0.868480828
0.651,91,0.717596197,0.86958994
0.653,92,0.719371785,0.870692876
0.655,93,0.721116302,0.871789505
0.66,94,0.722830866,0.872879705
0.663,95,0.724516548,0.873963362
0.664,96,0.72617437,0.875040371
0.668,97,0.727805312,0.876110633
0.67,98,0.729410313,0.877174058
0.674,99,0.730990268,0.878230561
0.675,100,0.732546038,0.879280066
0.677,101,0.734078443,0.880322503
0.678,102,0.735588271,0.881357805
0.682,103,0.737076276,0.882385916
0.686,104,0.73854318,0.883406782
0.687,105,0.739989673,0.884420356
0.692,106,0.741416419,0.885426595
0.694,107,0.742824051,0.886425462
0.696,108,0.744213177,0.887416925
0.698,109,0.745584381,0.888400955
0.699,110,0.74693822,0.889377529
0.7,111,0.74827523,0.890346628
0.7,112,0.749595924,0.891308236
0.7,113,0.750900794,0.89226234
0.701,114,0.752190312,0.893208933
0.701,115,0.75346493,0.894148011
0.703,116,0.754725082,0.89507957
0.705,117,0.755971186,0.896003614
0.706,118,0.757203641,0.896920146
0.709,119,0.758422829,0.897829174
0.712,120,0.759629121,0.898730709
0.715,121,0.760822868,0.899624761
0.718,122,0.762004411,0.900511348
0.718,123,0.763174076,0.901390485
0.718,124,0.764332175,0.902262193
0.719,125,0.765479009,0.903126493
0.72,126,0.766614867,0.903983409
0.72,127,0.767740027,0.904832966
0.722,128,0.768854756,0.905675191
0.722,129,0.769959311,0.906510113
0.723,130,0.771053937,0.907337763
0.724,131,0.772138873,0.908158172
0.724,132,0.773214347,0.908971374
0.724,133,0.774280577,0.909777404
0.726,134,0.775337776,0.910576297
0.727,135,0.776386146,0.91136809
0.729,136,0.777425884,0.912152822
0.73,137,0.778457177,0.912930531
0.733,138,0.779480207,0.913701259
0.734,139,0.780495148,0.914465045
0.736,140,0.78150217,0.915221932
0.736,141,0.782501433,0.915971962
0.737,142,0.783493095,0.916715179
0.738,143,0.784477307,0.917451627
0.741,144,0.785454212,0.918181351
0.741,145,0.786423952,0.918904395
0.741,146,0.787386661,0.919620806
0.743,147,0.78834247,0.92033063
0.744,148,0.789291505,0.921033913
0.744,149,0.790233886,0.921730703
0.746,150,0.791169732,0.922421046
0.746,151,0.792099155,0.923104992
0.746,152,0.793022265,0.923782588
0.746,153,0.793939168,0.924453882
0.746,154,0.794849964,0.925118923
0.746,155,0.795754754,0.925777759
0.747,156,0.796653632,0.92643044
0.747,157,0.797546692,0.927077014
0.748,158,0.798434021,0.927717531
0.748,159,0.799315706,0.928352039
0.748,160,0.800191832,0.928980589
0.748,161,0.801062478,0.92960323
0.75,162,0.801927724,0.930220009
0.75,163,0.802787645,0.930830978
0.752,164,0.803642315,0.931436186
0.753,165,0.804491805,0.932035681
0.753,166,0.805336184,0.932629512
0.756,167,0.80617552,0.933217729
0.757,168,0.807009876,0.933800381
0.76,169,0.807839317,0.934377517
0.761,170,0.808663904,0.934949185
0.762,171,0.809483696,0.935515434
0.762,172,0.81029875,0.936076312
0.762,173,0.811109124,0.936631867
0.762,174,0.811914871,0.937182148
0.763,175,0.812716044,0.937727203
0.763,176,0.813512696,0.938267078
0.763,177,0.814304875,0.938801823
0.763,178,0.815092632,0.939331482
0.763,179,0.815876013,0.939856105
0.764,180,0.816655065,0.940375737
0.764,181,0.817429832,0.940890425
0.764,182,0.818200359,0.941400215
0.764,183,0.818966688,0.941905153
0.765,184,0.819728861,0.942405285
0.765,185,0.820486919,0.942900656
0.766,186,0.821240902,0.943391312
0.766,187,0.821990847,0.943877297
0.768,188,0.822736793,0.944358655
0.77,189,0.823478776,0.944835432
0.77,190,0.824216834,0.94530767
0.77,191,0.824951,0.945775414
0.772,192,0.825681309,0.946238707
0.772,193,0.826407796,0.946697592
0.774,194,0.827130492,0.947152111
0.775,195,0.82784943,0.947602308
0.777,196,0.828564642,0.948048223
0.778,197,0.829276159,0.9484899
0.778,198,0.829984009,0.948927378
0.78,199,0.830688225,0.9493607
0.78,200,0.831388833,0.949789906
0.781,201,0.832085863,0.950215037
0.781,202,0.832779343,0.950636133
0.782,203,0.833469299,0.951053232
0.783,204,0.83415576,0.951466376
0.784,205,0.83483875,0.951875603
0.784,206,0.835518296,0.952280951
0.786,207,0.836194424,0.95268246
0.786,208,0.836867157,0.953080167
0.786,209,0.837536522,0.953474111
0.788,210,0.838202541,0.953864328
0.788,211,0.838865239,0.954250855
0.788,212,0.839524639,0.95463373
0.789,213,0.840180763,0.95501299
0.79,214,0.840833635,0.955388669
0.79,215,0.841483276,0.955760804
0.791,216,0.842129708,0.956129431
0.792,217,0.842772954,0.956494584
0.793,218,0.843413033,0.956856298
0.794,219,0.844049968,0.957214609
0.795,220,0.844683778,0.957569549
0.796,221,0.845314483,0.957921153
0.797,222,0.845942105,0.958269455
0.798,223,0.846566662,0.958614487
0.799,224,0.847188175,0.958956283
0.801,225,0.847806661,0.959294875
0.802,226,0.848422141,0.959630296
0.803,227,0.849034633,0.959962576
0.807,228,0.849644155,0.960291749
0.809,229,0.850250726,0.960617845
0.812,230,0.850854364,0.960940895
0.813,231,0.851455086,0.961260931
0.813,232,0.852052911,0.961577982
0.814,233,0.852647855,0.961892078
0.815,234,0.853239936,0.96220325
0.815,235,0.853829171,0.962511527
0.815,236,0.854415576,0.962816938
0.816,237,0.854999169,0.963119512
0.817,238,0.855579966,0.963419278
0.818,239,0.856157983,0.963716264
0.82,240,0.856733235,0.964010499
0.821,241,0.85730574,0.964302009
0.821,242,0.857875513,0.964590823
0.823,243,0.85844257,0.964876967
0.824,244,0.859006926,0.965160469
0.824,245,0.859568596,0.965441356
0.826,246,0.860127596,0.965719653
0.826,247,0.860683941,0.965995387
0.826,248,0.861237645,0.966268584
0.826,249,0.861788724,0.96653927
0.827,250,0.862337192,0.966807468
0.827,251,0.862883063,0.967073206
0.828,252,0.863426353,0.967336507
0.828,253,0.863967075,0.967597397
0.828,254,0.864505243,0.967855898
0.828,255,0.865040872,0.968112037
0.829,256,0.865573976,0.968365835
0.829,257,0.866104568,0.968617317
0.829,258,0.866632661,0.968866507
0.83,259,0.867158271,0.969113427
0.83,260,0.867681409,0.969358099
0.83,261,0.86820209,0.969600547
0.83,262,0.868720326,0.969840794
0.831,263,0.869236132,0.97007886
0.831,264,0.869749519,0.970314768
0.832,265,0.870260502,0.97054854
0.833,266,0.870769092,0.970780196
0.834,267,0.871275303,0.971009759
0.834,268,0.871779148,0.97123725
0.835,269,0.872280638,0.971462688
0.836,270,0.872779787,0.971686094
0.837,271,0.873276607,0.97190749
0.839,272,0.87377111,0.972126894
0.84,273,0.874263309,0.972344327
0.84,274,0.874753216,0.972559809
0.841,275,0.875240843,0.972773358
0.841,276,0.875726201,0.972984995
0.842,277,0.876209304,0.973194738
0.842,278,0.876690162,0.973402607
0.843,279,0.877168788,0.973608619
0.843,280,0.877645193,0.973812793
0.844,281,0.878119388,0.974015148
0.845,282,0.878591387,0.974215702
0.846,283,0.879061199,0.974414472
0.85,284,0.879528837,0.974611476
0.85,285,0.879994311,0.974806733
0.852,286,0.880457633,0.975000258
0.853,287,0.880918815,0.975192069
0.855,288,0.881377867,0.975382184
0.857,289,0.8818348,0.975570618
0.857,290,0.882289626,0.975757389
0.857,291,0.882742355,0.975942513
0.857,292,0.883192999,0.976126006
0.857,293,0.883641567,0.976307885
0.857,294,0.884088072,0.976488165
0.857,295,0.884532522,0.976666861
0.859,296,0.88497493,0.976843991
0.859,297,0.885415306,0.977019568
0.86,298,0.88585366,0.977193608
0.861,299,0.886290002,0.977366127
0.861,300,0.886724343,0.977537138
0.861,301,0.887156694,0.977706658
0.862,302,0.887587064,0.9778747
0.862,303,0.888015464,0.978041279
0.863,304,0.888441904,0.97820641
0.863,305,0.888866394,0.978370106
0.863,306,0.889288944,0.978532381
0.863,307,0.889709564,0.97869325
0.863,308,0.890128263,0.978852725
0.863,309,0.890545053,0.979010822
0.863,310,0.890959942,0.979167552
0.866,311,0.89137294,0.979322929
0.866,312,0.891784057,0.979476967
0.868,313,0.892193303,0.979629678
0.87,314,0.892600687,0.979781076
0.871,315,0.893006219,0.979931172
0.872,316,0.893409908,0.98007998
0.873,317,0.893811764,0.980227512
0.875,318,0.894211796,0.98037378
0.876,319,0.894610013,0.980518797
0.876,320,0.895006425,0.980662574
0.879,321,0.89540104,0.980805124
0.88,322,0.895793869,0.980946458
0.88,323,0.89618492,0.981086588
0.883,324,0.896574202,0.981225526
0.883,325,0.896961724,0.981363283
0.887,326,0.897347496,0.98149987
0.887,327,0.897731525,0.981635299
0.888,328,0.898113822,0.98176958
0.888,329,0.898494395,0.981902725
0.888,330,0.898873252,0.982034744
0.888,331,0.899250403,0.982165649
0.888,332,0.899625855,0.982295449
0.888,333,0.899999619,0.982424156
0.888,334,0.900371702,0.98255178
0.889,335,0.900742112,0.98267833
0.889,336,0.901110859,0.982803818
0.89,337,0.901477951,0.982928253
0.89,338,0.901843396,0.983051646
0.89,339,0.902207202,0.983174006
0.89,340,0.902569379,0.983295342
0.891,341,0.902929934,0.983415666
0.891,342,0.903288875,0.983534985
0.891,343,0.903646211,0.98365331
0.892,344,0.904001949,0.983770651
0.892,345,0.904356099,0.983887015
0.892,346,0.904708667,0.984002413
0.892,347,0.905059662,0.984116854
0.893,348,0.905409092,0.984230346
0.893,349,0.905756965,0.984342899
0.893,350,0.906103289,0.984454521
0.893,351,0.906448072,0.984565221
0.893,352,0.90679132,0.984675008
0.894,353,0.907133043,0.98478389
0.894,354,0.907473248,0.984891875
0.896,355,0.907811942,0.984998973
0.897,356,0.908149133,0.985105191
0.897,357,0.90848483,0.985210537
0.898,358,0.908819038,0.985315019
0.899,359,0.909151767,0.985418646
0.899,360,0.909483022,0.985521426
0.901,361,0.909812813,0.985623366
0.901,362,0.910141145,0.985724474
0.902,363,0.910468028,0.985824758
0.903,364,0.910793467,0.985924226
0.903,365,0.91111747,0.986022884
0.904,366,0.911440044,0.986120741
0.904,367,0.911761197,0.986217803
0.905,368,0.912080936,0.986314079
0.905,369,0.912399267,0.986409575
0.905,370,0.912716199,0.986504299
0.906,371,0.913031737,0.986598257
0.906,372,0.91334589,0.986691457
0.906,373,0.913658663,0.986783905
0.906,374,0.913970064,0.986875609
0.906,375,0.9142801,0.986966575
0.906,376,0.914588778,0.987056811
0.906,377,0.914896104,0.987146321
0.906,378,0.915202086,0.987235115
0.906,379,0.915506729,0.987323196
0.906,380,0.915810042,0.987410574
0.906,381,0.916112029,0.987497253
0.906,382,0.916412699,0.987583239
0.907,383,0.916712058,0.987668541
0.907,384,0.917010111,0.987753162
0.908,385,0.917306867,0.98783711
0.91,386,0.917602331,0.987920391
0.91,387,0.917896509,0.988003011
0.913,388,0.918189409,0.988084976
0.913,389,0.918481036,0.988166291
0.913,390,0.918771398,0.988246962
0.913,391,0.919060499,0.988326996
0.913,392,0.919348348,0.988406398
0.913,393,0.919634949,0.988485173
0.914,394,0.919920309,0.988563328
0.914,395,0.920204435,0.988640868
0.917,396,0.920487332,0.988717797
0.917,397,0.920769006,0.988794123
0.917,398,0.921049464,0.98886985
0.918,399,0.921328712,0.988944983
0.918,400,0.921606756,0.989019528
0.918,401,0.921883602,0.989093491
0.918,402,0.922159255,0.989166875
0.918,403,0.922433722,0.989239687
0.918,404,0.922707009,0.989311931
0.918,405,0.922979121,0.989383613
0.918,406,0.923250064,0.989454737
0.918,407,0.923519845,0.989525308
0.919,408,0.923788468,0.989595332
0.921,409,0.92405594,0.989664813
0.922,410,0.924322267,0.989733755
0.923,411,0.924587453,0.989802165
0.924,412,0.924851506,0.989870045
0.924,413,0.925114429,0.989937402
0.925,414,0.92537623,0.990004239
0.925,415,0.925636913,0.990070562
0.925,416,0.925896484,0.990136374
0.925,417,0.926154948,0.99020168
0.925,418,0.926412312,0.990266484
0.926,419,0.92666858,0.990330792
0.926,420,0.926923758,0.990394606
0.926,421,0.927177851,0.990457933
0.926,422,0.927430864,0.990520775
0.926,423,0.927682804,0.990583137
0.927,424,0.927933675,0.990645023
0.928,425,0.928183483,0.990706438
0.929,426,0.928432232,0.990767385
0.929,427,0.928679928,0.990827869
0.93,428,0.928926577,0.990887893
0.931,429,0.929172182,0.990947461
0.932,430,0.92941675,0.991006578
0.934,431,0.929660286,0.991065247
0.934,432,0.929902795,0.991123472
0.934,433,0.930144281,0.991181257
0.935,434,0.93038475,0.991238606
0.935,435,0.930624206,0.991295523
0.935,436,0.930862656,0.99135201
0.935,437,0.931100103,0.991408073
0.935,438,0.931336552,0.991463714
0.935,439,0.931572009,0.991518937
0.935,440,0.931806478,0.991573746
0.936,441,0.932039964,0.991628145
0.936,442,0.932272473,0.991682136
0.937,443,0.932504008,0.991735723
0.938,444,0.932734574,0.99178891
0.939,445,0.932964177,0.9918417
0.94,446,0.93319282,0.991894096
0.94,447,0.93342051,0.991946102
0.94,448,0.933647249,0.991997721
0.94,449,0.933873044,0.992048957
0.94,450,0.934097898,0.992099812
0.94,451,0.934321816,0.992150291
0.94,452,0.934544802,0.992200395
0.94,453,0.934766862,0.992250128
0.94,454,0.934988,0.992299494
0.94,455,0.93520822,0.992348495
0.94,456,0.935427526,0.992397134
0.94,457,0.935645924,0.992445415
0.94,458,0.935863417,0.992493341
0.94,459,0.93608001,0.992540914
0.94,460,0.936295707,0.992588137
0.941,461,0.936510512,0.992635014
0.941,462,0.936724431,0.992681547
0.941,463,0.936937467,0.99272774
0.942,464,0.937149624,0.992773594
0.942,465,0.937360907,0.992819113
0.942,466,0.93757132,0.9928643
0.944,467,0.937780867,0.992909157
0.944,468,0.937989553,0.992953687
0.944,469,0.938197381,0.992997893
0.944,470,0.938404356,0.993041777
0.944,471,0.938610481,0.993085343
0.944,472,0.938815761,0.993128593
0.945,473,0.9390202,0.993171528
0.945,474,0.939223802,0.993214153
0.946,475,0.939426572,0.99325647
0.946,476,0.939628512,0.993298481
0.946,477,0.939829627,0.993340188
0.946,478,0.940029921,0.993381594
0.946,479,0.940229398,0.993422702
0.947,480,0.940428061,0.993463514
0.947,481,0.940625916,0.993504033
0.947,482,0.940822965,0.99354426
0.947,483,0.941019212,0.993584199
0.947,484,0.941214662,0.993623851
0.947,485,0.941409318,0.99366322
0.947,486,0.941603183,0.993702306
0.947,487,0.941796263,0.993741114
0.947,488,0.94198856,0.993779644
0.947,489,0.942180077,0.993817899
0.947,490,0.94237082,0.993855882
0.947,491,0.942560792,0.993893594
0.947,492,0.942749995,0.993931038
0.947,493,0.942938435,0.993968216
0.947,494,0.943126114,0.994005129
0.947,495,0.943313036,0.994041782
0.947,496,0.943499205,0.994078174
0.947,497,0.943684624,0.994114309
0.947,498,0.943869297,0.994150189
0.947,499,0.944053228,0.994185815
0.947,500,0.944236419,0.994221189
0.947,501,0.944418875,0.994256315
0.947,502,0.944600599,0.994291193
0.947,503,0.944781595,0.994325825
0.947,504,0.944961865,0.994360214
0.947,505,0.945141413,0.994394362
0.947,506,0.945320243,0.99442827
0.947,507,0.945498359,0.994461941
0.947,508,0.945675762,0.994495376
0.947,509,0.945852458,0.994528577
0.947,510,0.946028448,0.994561546
0.947,511,0.946203737,0.994594285
0.947,512,0.946378328,0.994626795
0.948,513,0.946552224,0.994659079
0.948,514,0.946725429,0.994691139
0.949,515,0.946897944,0.994722975
0.949,516,0.947069775,0.994754591
0.949,517,0.947240924,0.994785987
0.949,518,0.947411394,0.994817165
0.949,519,0.947581188,0.994848128
0.95,520,0.94775031,0.994878876
0.95,521,0.947918762,0.994909411
0.95,522,0.948086549,0.994939736
0.951,523,0.948253672,0.994969852
0.951,524,0.948420136,0.99499976
0.951,525,0.948585943,0.995029462
0.951,526,0.948751095,0.99505896
0.952,527,0.948915598,0.995088255
0.952,528,0.949079452,0.995117349
0.953,529,0.949242662,0.995146243
0.953,530,0.94940523,0.99517494
0.953,531,0.949567159,0.99520344
0.953,532,0.949728453,0.995231745
0.953,533,0.949889114,0.995259857
0.953,534,0.950049145,0.995287776
0.953,535,0.950208549,0.995315506
0.953,536,0.950367329,0.995343046
0.953,537,0.950525489,0.995370399
0.953,538,0.950683029,0.995397566
0.953,539,0.950839955,0.995424549
0.953,540,0.950996268,0.995451348
0.954,541,0.951151971,0.995477966
0.954,542,0.951307068,0.995504403
0.955,543,0.95146156,0.995530661
0.955,544,0.951615451,0.995556742
0.955,545,0.951768744,0.995582647
0.955,546,0.951921441,0.995608377
0.955,547,0.952073544,0.995633933
0.955,548,0.952225058,0.995659317
0.955,549,0.952375984,0.995684531
0.955,550,0.952526325,0.995709575
0.955,551,0.952676084,0.995734451
0.955,552,0.952825264,0.995759159
0.955,553,0.952973867,0.995783703
0.955,554,0.953121895,0.995808081
0.955,555,0.953269352,0.995832297
0.955,556,0.95341624,0.995856351
0.955,557,0.953562562,0.995880244
0.955,558,0.95370832,0.995903978
0.955,559,0.953853517,0.995927553
0.955,560,0.953998155,0.995950972
0.955,561,0.954142237,0.995974234
0.955,562,0.954285765,0.995997342
0.955,563,0.954428743,0.996020297
0.955,564,0.954571172,0.996043099
0.955,565,0.954713055,0.99606575
0.955,566,0.954854395,0.996088251
0.955,567,0.954995194,0.996110604
0.955,568,0.955135454,0.996132808
0.955,569,0.955275178,0.996154866
0.955,570,0.955414368,0.996176778
0.955,571,0.955553027,0.996198546
0.955,572,0.955691157,0.99622017
0.955,573,0.955828761,0.996241652
0.956,574,0.95596584,0.996262993
0.957,575,0.956102398,0.996284194
0.957,576,0.956238437,0.996305256
0.957,577,0.956373958,0.996326179
0.957,578,0.956508965,0.996346966
0.957,579,0.956643459,0.996367616
0.957,580,0.956777444,0.996388132
0.957,581,0.95691092,0.996408513
0.957,582,0.957043892,0.996428761
0.957,583,0.95717636,0.996448878
0.957,584,0.957308327,0.996468863
0.957,585,0.957439795,0.996488719
0.957,586,0.957570767,0.996508445
0.957,587,0.957701245,0.996528043
0.957,588,0.957831231,0.996547514
0.959,589,0.957960727,0.996566858
0.959,590,0.958089736,0.996586078
0.959,591,0.958218259,0.996605172
0.959,592,0.958346298,0.996624144
0.959,593,0.958473857,0.996642993
0.96,594,0.958600937,0.99666172
0.96,595,0.95872754,0.996680326
0.96,596,0.958853668,0.996698813
0.96,597,0.958979324,0.99671718
0.96,598,0.95910451,0.996735429
0.96,599,0.959229227,0.996753561
0.96,600,0.959353478,0.996771577
0.961,601,0.959477264,0.996789477
0.961,602,0.959600589,0.996807263
0.961,603,0.959723453,0.996824934
0.961,604,0.95984586,0.996842492
0.961,605,0.95996781,0.996859939
0.962,606,0.960089306,0.996877273
0.962,607,0.960210351,0.996894497
0.962,608,0.960330945,0.996911612
0.963,609,0.960451092,0.996928617
0.963,610,0.960570792,0.996945514
0.964,611,0.960690049,0.996962304
0.964,612,0.960808863,0.996978987
0.964,613,0.960927238,0.996995564
0.964,614,0.961045174,0.997012036
0.964,615,0.961162674,0.997028404
0.964,616,0.961279739,0.997044668
0.964,617,0.961396372,0.997060829
0.965,618,0.961512575,0.997076889
0.966,619,0.961628349,0.997092846
0.966,620,0.961743696,0.997108704
0.967,621,0.961858619,0.997124461
0.967,622,0.961973118,0.997140119
0.967,623,0.962087196,0.997155678
0.967,624,0.962200855,0.99717114
0.967,625,0.962314097,0.997186504
0.967,626,0.962426922,0.997201773
0.967,627,0.962539334,0.997216945
0.967,628,0.962651334,0.997232022
0.967,629,0.962762924,0.997247006
0.967,630,0.962874105,0.997261895
0.967,631,0.96298488,0.997276691
0.967,632,0.96309525,0.997291395
0.967,633,0.963205216,0.997306008
0.967,634,0.963314781,0.997320529
0.967,635,0.963423947,0.99733496
0.967,636,0.963532715,0.997349301
0.967,637,0.963641086,0.997363553
0.968,638,0.963749063,0.997377717
0.968,639,0.963856648,0.997391792
0.968,640,0.963963841,0.997405781
0.968,641,0.964070645,0.997419682
0.968,642,0.964177061,0.997433498
0.968,643,0.964283092,0.997447228
0.968,644,0.964388738,0.997460874
0.968,645,0.964494001,0.997474435
0.968,646,0.964598883,0.997487913
0.968,647,0.964703386,0.997501307
0.968,648,0.964807511,0.99751462
0.968,649,0.964911261,0.99752785
0.968,650,0.965014635,0.997540999
0.968,651,0.965117637,0.997554067
0.969,652,0.965220268,0.997567055
0.97,653,0.965322528,0.997579964
0.971,654,0.965424421,0.997592793
0.972,655,0.965525947,0.997605544
0.972,656,0.965627109,0.997618217
0.973,657,0.965727907,0.997630812
0.973,658,0.965828343,0.997643331
0.974,659,0.965928418,0.997655773
0.974,660,0.966028135,0.99766814
0.974,661,0.966127495,0.997680431
0.974,662,0.9662265,0.997692647
0.974,663,0.96632515,0.997704789
0.974,664,0.966423447,0.997716858
0.974,665,0.966521393,0.997728853
0.974,666,0.96661899,0.997740775
0.974,667,0.966716238,0.997752625
0.974,668,0.96681314,0.997764404
0.975,669,0.966909696,0.997776111
0.975,670,0.967005909,0.997787748
0.975,671,0.967101779,0.997799314
0.976,672,0.967197309,0.99781081
0.976,673,0.967292499,0.997822238
0.976,674,0.967387351,0.997833596
0.976,675,0.967481867,0.997844886
0.976,676,0.967576048,0.997856108
0.977,677,0.967669894,0.997867263
0.977,678,0.967763409,0.997878351
0.977,679,0.967856593,0.997889372
0.978,680,0.967949447,0.997900327
0.978,681,0.968041973,0.997911217
0.978,682,0.968134173,0.997922041
0.978,683,0.968226047,0.997932801
0.978,684,0.968317597,0.997943496
0.978,685,0.968408824,0.997954128
0.978,686,0.96849973,0.997964696
0.978,687,0.968590317,0.997975202
0.978,688,0.968680584,0.997985645
0.978,689,0.968770535,0.997996025
0.978,690,0.96886017,0.998006344
0.978,691,0.96894949,0.998016602
0.978,692,0.969038496,0.998026799
0.978,693,0.969127191,0.998036935
0.979,694,0.969215575,0.998047011
0.979,695,0.96930365,0.998057028
0.98,696,0.969391417,0.998066986
0.98,697,0.969478877,0.998076884
0.98,698,0.969566031,0.998086724
0.98,699,0.969652881,0.998096506
0.98,700,0.969739429,0.998106231
0.98,701,0.969825674,0.998115898
0.98,702,0.969911619,0.998125508
0.98,703,0.969997265,0.998135062
0.98,704,0.970082613,0.99814456
0.98,705,0.970167664,0.998154002
0.98,706,0.97025242,0.998163388
0.98,707,0.970336881,0.998172719
0.98,708,0.97042105,0.998181996
0.98,709,0.970504926,0.998191219
0.98,710,0.970588512,0.998200387
0.98,711,0.970671809,0.998209502
0.98,712,0.970754817,0.998218564
0.98,713,0.970837538,0.998227573
0.98,714,0.970919973,0.99823653
0.98,715,0.971002124,0.998245434
0.98,716,0.971083991,0.998254286
0.98,717,0.971165575,0.998263087
0.98,718,0.971246879,0.998271837
0.98,719,0.971327902,0.998280536
0.98,720,0.971408647,0.998289185
0.98,721,0.971489114,0.998297783
0.98,722,0.971569304,0.998306332
0.98,723,0.971649219,0.998314831
0.98,724,0.971728859,0.998323281
0.98,725,0.971808226,0.998331682
0.981,726,0.971887321,0.998340035
0.981,727,0.971966145,0.99834834
0.982,728,0.9720447,0.998356596
0.982,729,0.972122985,0.998364805
0.982,730,0.972201003,0.998372967
0.982,731,0.972278754,0.998381082
0.982,732,0.972356239,0.998389151
0.982,733,0.972433461,0.998397173
0.982,734,0.972510418,0.998405148
0.982,735,0.972587114,0.998413079
0.982,736,0.972663548,0.998420964
0.982,737,0.972739722,0.998428803
0.982,738,0.972815637,0.998436598
0.982,739,0.972891294,0.998444348
0.982,740,0.972966694,0.998452055
0.982,741,0.973041838,0.998459717
0.982,742,0.973116727,0.998467335
0.982,743,0.973191362,0.99847491
0.982,744,0.973265745,0.998482442
0.982,745,0.973339875,0.998489931
0.982,746,0.973413755,0.998497378
0.982,747,0.973487384,0.998504782
0.982,748,0.973560765,0.998512144
0.982,749,0.973633898,0.998519464
0.983,750,0.973706785,0.998526743
0.983,751,0.973779425,0.998533981
0.983,752,0.973851821,0.998541178
0.984,753,0.973923973,0.998548334
0.984,754,0.973995881,0.99855545
0.984,755,0.974067548,0.998562526
0.984,756,0.974138974,0.998569561
0.984,757,0.974210161,0.998576557
0.984,758,0.974281108,0.998583514
0.984,759,0.974351817,0.998590431
0.984,760,0.974422289,0.99859731
0.984,761,0.974492524,0.99860415
0.984,762,0.974562525,0.998610952
0.984,763,0.974632291,0.998617715
0.984,764,0.974701824,0.998624441
0.984,765,0.974771125,0.998631128
0.984,766,0.974840194,0.998637779
0.984,767,0.974909032,0.998644392
0.984,768,0.974977641,0.998650968
0.984,769,0.975046021,0.998657508
0.984,770,0.975114173,0.998664011
0.984,771,0.975182099,0.998670478
0.984,772,0.975249798,0.998676909
0.984,773,0.975317272,0.998683304
0.984,774,0.975384522,0.998689663
0.984,775,0.975451549,0.998695987
0.984,776,0.975518353,0.998702276
0.984,777,0.975584936,0.99870853
0.984,778,0.975651298,0.99871475
0.984,779,0.97571744,0.998720935
0.985,780,0.975783363,0.998727085
0.985,781,0.975849068,0.998733202
0.986,782,0.975914556,0.998739285
0.986,783,0.975979827,0.998745334
0.986,784,0.976044883,0.99875135
0.986,785,0.976109724,0.998757332
0.986,786,0.976174352,0.998763282
0.986,787,0.976238766,0.998769199
0.986,788,0.976302968,0.998775083
0.986,789,0.976366959,0.998780935
0.986,790,0.97643074,0.998786755
0.986,791,0.97649431,0.998792543
0.986,792,0.976557672,0.998798299
0.986,793,0.976620826,0.998804023
0.986,794,0.976683772,0.998809717
0.986,795,0.976746513,0.998815379
0.986,796,0.976809047,0.99882101
0.986,797,0.976871377,0.99882661
0.986,798,0.976933503,0.998832179
0.986,799,0.976995425,0.998837719
0.986,800,0.977057145,0.998843228
0.986,801,0.977118664,0.998848707
0.986,802,0.977179981,0.998854156
0.987,803,0.977241099,0.998859575
0.987,804,0.977302017,0.998864965
0.987,805,0.977362737,0.998870326
0.988,806,0.977423259,0.998875658
0.988,807,0.977483584,0.99888096
0.988,808,0.977543712,0.998886234
0.988,809,0.977603646,0.998891479
0.988,810,0.977663384,0.998896696
0.988,811,0.977722929,0.998901885
0.988,812,0.977782281,0.998907046
0.988,813,0.97784144,0.998912178
0.988,814,0.977900407,0.998917284
0.988,815,0.977959183,0.998922361
0.988,816,0.978017769,0.998927411
0.988,817,0.978076166,0.998932434
0.988,818,0.978134374,0.99893743
0.988,819,0.978192394,0.998942399
0.988,820,0.978250226,0.998947341
0.988,821,0.978307872,0.998952257
0.988,822,0.978365332,0.998957146
0.988,823,0.978422607,0.998962009
0.988,824,0.978479697,0.998966847
0.988,825,0.978536604,0.998971658
0.988,826,0.978593328,0.998976443
0.988,827,0.978649869,0.998981203
0.988,828,0.978706229,0.998985937
0.988,829,0.978762407,0.998990646
0.988,830,0.978818406,0.99899533
0.988,831,0.978874225,0.998999989
0.988,832,0.978929865,0.999004624
0.988,833,0.978985326,0.999009233
0.988,834,0.97904061,0.999013818
0.988,835,0.979095718,0.999018379
0.988,836,0.979150649,0.999022915
0.988,837,0.979205405,0.999027427
0.988,838,0.979259986,0.999031915
0.988,839,0.979314392,0.99903638
0.988,840,0.979368626,0.999040821
0.988,841,0.979422686,0.999045238
0.988,842,0.979476574,0.999049632
0.988,843,0.979530291,0.999054003
0.988,844,0.979583836,0.999058351
0.988,845,0.979637212,0.999062675
0.988,846,0.979690418,0.999066977
0.988,847,0.979743454,0.999071256
0.988,848,0.979796323,0.999075513
0.988,849,0.979849024,0.999079747
0.988,850,0.979901558,0.999083959
0.988,851,0.979953925,0.999088149
0.988,852,0.980006127,0.999092317
0.988,853,0.980058163,0.999096463
0.988,854,0.980110035,0.999100587
0.988,855,0.980161743,0.999104689
0.988,856,0.980213288,0.99910877
0.988,857,0.98026467,0.99911283
0.988,858,0.980315889,0.999116869
0.988,859,0.980366948,0.999120886
0.988,860,0.980417845,0.999124882
0.988,861,0.980468582,0.999128858
0.988,862,0.98051916,0.999132813
0.988,863,0.980569578,0.999136747
0.988,864,0.980619838,0.99914066
0.988,865,0.980669941,0.999144554
0.988,866,0.980719885,0.999148427
0.988,867,0.980769673,0.99915228
0.988,868,0.980819305,0.999156113
0.988,869,0.980868782,0.999159926
0.988,870,0.980918103,0.999163719
0.988,871,0.98096727,0.999167492
0.988,872,0.981016284,0.999171246
0.988,873,0.981065144,0.999174981
0.989,874,0.981113851,0.999178696
0.989,875,0.981162406,0.999182392
0.989,876,0.98121081,0.999186069
0.99,877,0.981259063,0.999189727
0.99,878,0.981307165,0.999193366
0.991,879,0.981355118,0.999196986
0.991,880,0.981402921,0.999200588
0.991,881,0.981450575,0.999204171
0.991,882,0.981498081,0.999207736
0.991,883,0.98154544,0.999211282
0.991,884,0.981592652,0.99921481
0.991,885,0.981639716,0.99921832
0.991,886,0.981686635,0.999221812
0.991,887,0.981733409,0.999225287
0.991,888,0.981780037,0.999228743
0.991,889,0.981826521,0.999232182
0.991,890,0.981872862,0.999235603
0.991,891,0.981919058,0.999239006
0.991,892,0.981965112,0.999242392
0.991,893,0.982011024,0.999245761
0.991,894,0.982056794,0.999249113
0.991,895,0.982102423,0.999252447
0.991,896,0.982147911,0.999255765
0.991,897,0.982193258,0.999259066
0.991,898,0.982238467,0.99926235
0.991,899,0.982283535,0.999265617
0.991,900,0.982328466,0.999268867
0.991,901,0.982373257,0.999272101
0.991,902,0.982417912,0.999275319
0.991,903,0.982462429,0.999278521
0.991,904,0.982506809,0.999281706
0.991,905,0.982551054,0.999284875
0.991,906,0.982595162,0.999288028
0.991,907,0.982639136,0.999291165
0.991,908,0.982682975,0.999294286
0.991,909,0.982726679,0.999297391
0.991,910,0.98277025,0.999300481
0.991,911,0.982813688,0.999303555
0.991,912,0.982856992,0.999306614
0.991,913,0.982900165,0.999309657
0.991,914,0.982943206,0.999312685
0.991,915,0.982986115,0.999315698
0.991,916,0.983028894,0.999318695
0.991,917,0.983071543,0.999321678
0.991,918,0.983114061,0.999324645
0.991,919,0.98315645,0.999327598
0.991,920,0.98319871,0.999330536
0.991,921,0.983240842,0.999333459
0.991,922,0.983282846,0.999336367
0.991,923,0.983324722,0.999339261
0.991,924,0.983366471,0.999342141
0.991,925,0.983408093,0.999345006
0.991,926,0.98344959,0.999347856
0.991,927,0.98349096,0.999350693
0.991,928,0.983532205,0.999353515
0.991,929,0.983573326,0.999356324
0.991,930,0.983614322,0.999359118
0.991,931,0.983655194,0.999361898
0.991,932,0.983695943,0.999364665
0.991,933,0.983736568,0.999367418
0.991,934,0.983777072,0.999370157
0.991,935,0.983817452,0.999372882
0.991,936,0.983857712,0.999375594
0.991,937,0.98389785,0.999378293
0.991,938,0.983937867,0.999380978
0.991,939,0.983977763,0.99938365
0.991,940,0.98401754,0.999386309
0.991,941,0.984057197,0.999388954
0.991,942,0.984096735,0.999391587
0.991,943,0.984136154,0.999394206
0.991,944,0.984175455,0.999396813
0.991,945,0.984214639,0.999399407
0.991,946,0.984253704,0.999401988
0.991,947,0.984292653,0.999404556
0.991,948,0.984331485,0.999407111
0.991,949,0.984370201,0.999409654
0.991,950,0.984408801,0.999412185
0.991,951,0.984447286,0.999414703
0.991,952,0.984485656,0.999417209
0.991,953,0.984523911,0.999419702
0.991,954,0.984562052,0.999422183
0.991,955,0.98460008,0.999424652
0.991,956,0.984637994,0.999427109
0.991,957,0.984675795,0.999429554
0.991,958,0.984713483,0.999431987
0.991,959,0.98475106,0.999434408
0.991,960,0.984788525,0.999436818
0.991,961,0.984825878,0.999439215
0.991,962,0.98486312,0.999441601
0.991,963,0.984900252,0.999443975
0.991,964,0.984937274,0.999446338
0.991,965,0.984974186,0.999448689
0.991,966,0.985010988,0.999451028
0.991,967,0.985047682,0.999453357
0.991,968,0.985084266,0.999455674
0.991,969,0.985120743,0.99945798
0.991,970,0.985157112,0.999460274
0.991,971,0.985193373,0.999462557
0.991,972,0.985229527,0.99946483
0.991,973,0.985265574,0.999467091
0.991,974,0.985301515,0.999469342
0.991,975,0.98533735,0.999471581
0.991,976,0.98537308,0.99947381
0.991,977,0.985408704,0.999476028
0.991,978,0.985444223,0.999478235
0.991,979,0.985479638,0.999480432
0.991,980,0.985514948,0.999482618
0.991,981,0.985550155,0.999484793
0.991,982,0.985585258,0.999486958
0.991,983,0.985620259,0.999489113
0.991,984,0.985655156,0.999491257
0.991,985,0.985689951,0.999493391
0.991,986,0.985724645,0.999495514
0.991,987,0.985759236,0.999497628
0.991,988,0.985793727,0.999499731
0.991,989,0.985828116,0.999501824
0.992,990,0.985862405,0.999503907
0.992,991,0.985896593,0.999505981
0.992,992,0.985930682,0.999508044
0.992,993,0.985964671,0.999510097
0.992,994,0.985998561,0.999512141
0.992,995,0.986032352,0.999514175
0.992,996,0.986066044,0.999516199
0.992,997,0.986099639,0.999518214
0.992,998,0.986133135,0.999520218
0.992,999,0.986166534,0.999522214
0.992,1000,0.986199836,0.9995242