Time,P1,P2,IMe,IMh,Tint,Rec
4,0.079799844,0.151101951,1.568645429,117.8956585,304.7882402,0.04545
14,0.142810159,0.341795523,1.568645429,117.8956585,304.7882402,0.0915
24,0.178469464,0.359662368,1.568645429,117.8956585,304.7882402,0.11655
34,0.215713758,0.380257183,1.568645429,117.8956585,304.7882402,0.14335
44,0.247989974,0.407133933,1.568645429,117.8956585,304.7882402,0.168
54,0.273878013,0.438761446,1.568645429,117.8956585,304.7882402,0.18845
64,0.298743517,0.469543691,1.568645429,117.8956585,304.7882402,0.208
74,0.32410734,0.497357673,1.568645429,117.8956585,304.7882402,0.2294
84,0.342917129,0.524425515,1.568645429,117.8956585,304.7882402,0.24635
94,0.362446538,0.552086948,1.568645429,117.8956585,304.7882402,0.2639
104,0.381692698,0.579774387,1.568645429,117.8956585,304.7882402,0.2814
114,0.399174188,0.604425899,1.568645429,117.8956585,304.7882402,0.29815
124,0.415547207,0.626595196,1.568645429,117.8956585,304.7882402,0.31455
134,0.431286216,0.649245033,1.568645429,117.8956585,304.7882402,0.3298
144,0.449601262,0.670064316,1.568645429,117.8956585,304.7882402,0.3462
154,0.465294958,0.688247365,1.568645429,117.8956585,304.7882402,0.3616
164,0.47971685,0.705426437,1.568645429,117.8956585,304.7882402,0.376
174,0.4923086,0.721292383,1.568645429,117.8956585,304.7882402,0.3898
184,0.50783657,0.73494265,1.568645429,117.8956585,304.7882402,0.40515
194,0.520461082,0.74666939,1.568645429,117.8956585,304.7882402,0.4189
204,0.534789123,0.760044944,1.568645429,117.8956585,304.7882402,0.433
214,0.546322976,0.772229191,1.568645429,117.8956585,304.7882402,0.4468
224,0.557891712,0.781742297,1.568645429,117.8956585,304.7882402,0.459
234,0.569853959,0.791541918,1.568645429,117.8956585,304.7882402,0.47195
244,0.58208576,0.802237635,1.568645429,117.8956585,304.7882402,0.48495
254,0.592994111,0.811722203,1.568645429,117.8956585,304.7882402,0.49745
264,0.605323423,0.820018967,1.568645429,117.8956585,304.7882402,0.51015
274,0.615869774,0.828970197,1.568645429,117.8956585,304.7882402,0.52165
284,0.627472346,0.836892567,1.568645429,117.8956585,304.7882402,0.5336
294,0.638644972,0.844155922,1.568645429,117.8956585,304.7882402,0.54615
304,0.64882053,0.850418134,1.568645429,117.8956585,304.7882402,0.55675
314,0.659197841,0.856448866,1.568645429,117.8956585,304.7882402,0.56845
324,0.670337394,0.863299325,1.568645429,117.8956585,304.7882402,0.5804
334,0.679886349,0.869124161,1.568645429,117.8956585,304.7882402,0.58995
344,0.690467707,0.874205062,1.568645429,117.8956585,304.7882402,0.6012
354,0.701014306,0.879296706,1.568645429,117.8956585,304.7882402,0.61275
364,0.710194914,0.883309628,1.568645429,117.8956585,304.7882402,0.62365
374,0.719963586,0.888837353,1.568645429,117.8956585,304.7882402,0.63395
384,0.73043603,0.893959711,1.568645429,117.8956585,304.7882402,0.64385
394,0.740679909,0.898648907,1.568645429,117.8956585,304.7882402,0.6542
404,0.749803294,0.903863285,1.568645429,117.8956585,304.7882402,0.6635
414,0.758308688,0.907888866,1.568645429,117.8956585,304.7882402,0.674
424,0.76601825,0.911961154,1.568645429,117.8956585,304.7882402,0.6838
434,0.775148357,0.915406217,1.568645429,117.8956585,304.7882402,0.694
444,0.783034585,0.919599896,1.568645429,117.8956585,304.7882402,0.70325
454,0.7894475,0.922806808,1.568645429,117.8956585,304.7882402,0.71215
464,0.798557859,0.92555194,1.568645429,117.8956585,304.7882402,0.72185
474,0.806305513,0.928662939,1.568645429,117.8956585,304.7882402,0.72985
484,0.813648049,0.930699994,1.568645429,117.8956585,304.7882402,0.73835
494,0.821593105,0.933578116,1.568645429,117.8956585,304.7882402,0.7471
504,0.828547583,0.93639353,1.568645429,117.8956585,304.7882402,0.7554
514,0.835490829,0.9391439,1.568645429,117.8956585,304.7882402,0.76295
524,0.841620689,0.941822525,1.568645429,117.8956585,304.7882402,0.7699
534,0.848291575,0.944119796,1.568645429,117.8956585,304.7882402,0.77745
544,0.85559487,0.946587075,1.568645429,117.8956585,304.7882402,0.7855
554,0.861012345,0.947902852,1.568645429,117.8956585,304.7882402,0.7931
564,0.867311229,0.949987048,1.568645429,117.8956585,304.7882402,0.8005
574,0.87183098,0.9519907,1.568645429,117.8956585,304.7882402,0.8065
584,0.877223236,0.95339297,1.568645429,117.8956585,304.7882402,0.81315
594,0.881174585,0.955564925,1.568645429,117.8956585,304.7882402,0.8192
604,0.885686854,0.956968122,1.568645429,117.8956585,304.7882402,0.82515
614,0.890028929,0.958273796,1.568645429,117.8956585,304.7882402,0.83085
624,0.895656828,0.959565375,1.568645429,117.8956585,304.7882402,0.83705
634,0.900283799,0.960557024,1.568645429,117.8956585,304.7882402,0.84205
644,0.904064822,0.962126274,1.568645429,117.8956585,304.7882402,0.84815
654,0.907633826,0.963295774,1.568645429,117.8956585,304.7882402,0.8528
664,0.911248905,0.965198355,1.568645429,117.8956585,304.7882402,0.85775
674,0.914687086,0.966428835,1.568645429,117.8956585,304.7882402,0.8626
684,0.918515656,0.967953349,1.568645429,117.8956585,304.7882402,0.86695
694,0.923245244,0.968952067,1.568645429,117.8956585,304.7882402,0.872
704,0.926731542,0.969741167,1.568645429,117.8956585,304.7882402,0.87695
714,0.931406052,0.970610615,1.568645429,117.8956585,304.7882402,0.88255
724,0.935400335,0.972243709,1.568645429,117.8956585,304.7882402,0.88735
734,0.938928786,0.973132377,1.568645429,117.8956585,304.7882402,0.8915
744,0.942627154,0.974152842,1.568645429,117.8956585,304.7882402,0.8959
754,0.94557101,0.975015903,1.568645429,117.8956585,304.7882402,0.90005
764,0.948468995,0.9761425,1.568645429,117.8956585,304.7882402,0.90395
774,0.950767737,0.976930044,1.568645429,117.8956585,304.7882402,0.90765
784,0.953531162,0.977610364,1.568645429,117.8956585,304.7882402,0.91145
794,0.95650634,0.978604015,1.568645429,117.8956585,304.7882402,0.91525
804,0.958219199,0.979538997,1.568645429,117.8956585,304.7882402,0.9182
814,0.961198751,0.979991018,1.568645429,117.8956585,304.7882402,0.9218
824,0.963241198,0.980648613,1.568645429,117.8956585,304.7882402,0.9248
834,0.965402073,0.981341067,1.568645429,117.8956585,304.7882402,0.9276
844,0.966685316,0.981942049,1.568645429,117.8956585,304.7882402,0.93035
854,0.96816983,0.982677959,1.568645429,117.8956585,304.7882402,0.9331
864,0.970817432,0.983431673,1.568645429,117.8956585,304.7882402,0.936
874,0.972582673,0.984009561,1.568645429,117.8956585,304.7882402,0.93885
884,0.974265845,0.984217715,1.568645429,117.8956585,304.7882402,0.94205
894,0.977066732,0.984549023,1.568645429,117.8956585,304.7882402,0.9453
904,0.978210536,0.9850591,1.568645429,117.8956585,304.7882402,0.94695
914,0.978957897,0.985504669,1.568645429,117.8956585,304.7882402,0.94935
924,0.979936958,0.98605176,1.568645429,117.8956585,304.7882402,0.95105
934,0.981372558,0.986446692,1.568645429,117.8956585,304.7882402,0.95325
944,0.982918606,0.986911347,1.568645429,117.8956585,304.7882402,0.95565
954,0.984001806,0.987150605,1.568645429,117.8956585,304.7882402,0.95735
964,0.985246281,0.987919048,1.568645429,117.8956585,304.7882402,0.959425
974,0.986258063,0.988214752,1.568645429,117.8956585,304.7882402,0.961
984,0.986836044,0.988825268,1.568645429,117.8956585,304.7882402,0.9625
994,0.987477722,0.989080371,1.568645429,117.8956585,304.7882402,0.96365
4,0.575284059,0.453858837,0.838628935,22.06959967,739.6764088,0.3131
14,0.82164165,0.786923558,0.838628935,22.06959967,739.6764088,0.70835
24,0.859026305,0.807166932,0.838628935,22.06959967,739.6764088,0.7674
34,0.895790204,0.818671067,0.838628935,22.06959967,739.6764088,0.80615
44,0.919442035,0.831203646,0.838628935,22.06959967,739.6764088,0.8334
54,0.937535934,0.844385094,0.838628935,22.06959967,739.6764088,0.85675
64,0.949593572,0.856913155,0.838628935,22.06959967,739.6764088,0.8752
74,0.957779825,0.867911917,0.838628935,22.06959967,739.6764088,0.88795
84,0.964841488,0.877198565,0.838628935,22.06959967,739.6764088,0.8995
94,0.970563965,0.886921484,0.838628935,22.06959967,739.6764088,0.90925
104,0.975409288,0.895407764,0.838628935,22.06959967,739.6764088,0.91835
114,0.979549755,0.90288997,0.838628935,22.06959967,739.6764088,0.92595
124,0.982245665,0.911454037,0.838628935,22.06959967,739.6764088,0.93305
134,0.985091746,0.918682526,0.838628935,22.06959967,739.6764088,0.93935
144,0.986884391,0.92581815,0.838628935,22.06959967,739.6764088,0.9454
154,0.988864231,0.93266818,0.838628935,22.06959967,739.6764088,0.95015
164,0.990212951,0.937818645,0.838628935,22.06959967,739.6764088,0.95465
174,0.991682586,0.942533662,0.838628935,22.06959967,739.6764088,0.95885
184,0.992799634,0.946714051,0.838628935,22.06959967,739.6764088,0.96225
194,0.99393298,0.950028216,0.838628935,22.06959967,739.6764088,0.9654
204,0.994853858,0.95335954,0.838628935,22.06959967,739.6764088,0.9678
214,0.995248045,0.956708765,0.838628935,22.06959967,739.6764088,0.9701
224,0.995817745,0.959319119,0.838628935,22.06959967,739.6764088,0.97285
234,0.99598759,0.962284552,0.838628935,22.06959967,739.6764088,0.9747
244,0.996224438,0.965400339,0.838628935,22.06959967,739.6764088,0.97625
254,0.996547777,0.967230369,0.838628935,22.06959967,739.6764088,0.9782
264,0.996895512,0.968954562,0.838628935,22.06959967,739.6764088,0.97965
274,0.997415915,0.970498402,0.838628935,22.06959967,739.6764088,0.9809
284,0.997688606,0.97228471,0.838628935,22.06959967,739.6764088,0.9821
294,0.998110635,0.974820247,0.838628935,22.06959967,739.6764088,0.98345
304,0.99827662,0.976162917,0.838628935,22.06959967,739.6764088,0.98465
314,0.998579336,0.977683316,0.838628935,22.06959967,739.6764088,0.9858
324,0.998645418,0.978423065,0.838628935,22.06959967,739.6764088,0.9867
334,0.99869774,0.979223303,0.838628935,22.06959967,739.6764088,0.9872
344,0.998839932,0.980287605,0.838628935,22.06959967,739.6764088,0.98785
354,0.998993829,0.981848068,0.838628935,22.06959967,739.6764088,0.98855
364,0.999055196,0.982820745,0.838628935,22.06959967,739.6764088,0.98925
374,0.999120509,0.983127728,0.838628935,22.06959967,739.6764088,0.989675
384,0.999209447,0.98454871,0.838628935,22.06959967,739.6764088,0.9904
394,0.999301822,0.985384143,0.838628935,22.06959967,739.6764088,0.99115
404,0.999329411,0.986151285,0.838628935,22.06959967,739.6764088,0.9918
414,0.999356999,0.986563425,0.838628935,22.06959967,739.6764088,0.9918625
424,0.999384588,0.98706747,0.838628935,22.06959967,739.6764088,0.9921
434,0.999464255,0.987436159,0.838628935,22.06959967,739.6764088,0.992425
444,0.99955637,0.987692109,0.838628935,22.06959967,739.6764088,0.99295
454,0.999666104,0.988054555,0.838628935,22.06959967,739.6764088,0.99325
464,0.999711721,0.988622521,0.838628935,22.06959967,739.6764088,0.9936375
474,0.999726622,0.989523233,0.838628935,22.06959967,739.6764088,0.99395
484,0.999741522,0.989744495,0.838628935,22.06959967,739.6764088,0.9944625
494,0.999756422,0.989832203,0.838628935,22.06959967,739.6764088,0.994535
504,0.999771322,0.990223666,0.838628935,22.06959967,739.6764088,0.99467
514,0.999786222,0.990615544,0.838628935,22.06959967,739.6764088,0.99485
524,0.999803459,0.990791787,0.838628935,22.06959967,739.6764088,0.995108333
534,0.999849369,0.991305859,0.838628935,22.06959967,739.6764088,0.9953
544,0.99989528,0.991808866,0.838628935,22.06959967,739.6764088,0.99562
554,0.999904385,0.991898959,0.838628935,22.06959967,739.6764088,0.99578125
564,0.999909273,0.992282152,0.838628935,22.06959967,739.6764088,0.995916667
574,0.999914161,0.992378451,0.838628935,22.06959967,739.6764088,0.995973077
584,0.999919049,0.992591776,0.838628935,22.06959967,739.6764088,0.996015
594,0.999923937,0.992726695,0.838628935,22.06959967,739.6764088,0.99615
604,0.999928824,0.99278742,0.838628935,22.06959967,739.6764088,0.996205556
614,0.999933712,0.993247674,0.838628935,22.06959967,739.6764088,0.996283333
624,0.9999386,0.993389515,0.838628935,22.06959967,739.6764088,0.9964125
634,0.999943488,0.993705734,0.838628935,22.06959967,739.6764088,0.996483333
644,0.999948376,0.993866844,0.838628935,22.06959967,739.6764088,0.9966625
654,0.999953263,0.994260849,0.838628935,22.06959967,739.6764088,0.99682
664,0.999958151,0.994470255,0.838628935,22.06959967,739.6764088,0.99695
674,0.999963039,0.99480303,0.838628935,22.06959967,739.6764088,0.9970875
684,0.999967927,0.994978899,0.838628935,22.06959967,739.6764088,0.997325
694,0.999972815,0.995414295,0.838628935,22.06959967,739.6764088,0.99755
704,0.999977702,0.995566122,0.838628935,22.06959967,739.6764088,0.99764375
714,0.99998259,0.995797785,0.838628935,22.06959967,739.6764088,0.997716667
724,0.999987478,0.996177124,0.838628935,22.06959967,739.6764088,0.997792857
734,0.999992366,0.99624039,0.838628935,22.06959967,739.6764088,0.997866667
744,0.999997254,0.996283785,0.838628935,22.06959967,739.6764088,0.9978875
754,1,0.996340033,0.838628935,22.06959967,739.6764088,0.998003571
764,1,0.996423248,0.838628935,22.06959967,739.6764088,0.998039286
774,1,0.996630857,0.838628935,22.06959967,739.6764088,0.998191667
784,1,0.996814158,0.838628935,22.06959967,739.6764088,0.9983
794,1,0.99689116,0.838628935,22.06959967,739.6764088,0.998380769
804,1,0.997310223,0.838628935,22.06959967,739.6764088,0.998441667
814,1,0.997365245,0.838628935,22.06959967,739.6764088,0.998616
824,1,0.99745939,0.838628935,22.06959967,739.6764088,0.998636
834,1,0.997618699,0.838628935,22.06959967,739.6764088,0.998702
844,1,0.997652677,0.838628935,22.06959967,739.6764088,0.998722
854,1,0.997686655,0.838628935,22.06959967,739.6764088,0.998742
864,1,0.997940328,0.838628935,22.06959967,739.6764088,0.99881
874,1,0.998123256,0.838628935,22.06959967,739.6764088,0.998955882
884,1,0.998186896,0.838628935,22.06959967,739.6764088,0.998985294
894,1,0.998293745,0.838628935,22.06959967,739.6764088,0.999025
904,1,0.998420701,0.838628935,22.06959967,739.6764088,0.999125
914,1,0.998451151,0.838628935,22.06959967,739.6764088,0.999162963
924,1,0.998481601,0.838628935,22.06959967,739.6764088,0.999181481
934,1,0.998600775,0.838628935,22.06959967,739.6764088,0.9992
944,1,0.998627739,0.838628935,22.06959967,739.6764088,0.999226316
954,1,0.998654704,0.838628935,22.06959967,739.6764088,0.999252273
964,1,0.998681668,0.838628935,22.06959967,739.6764088,0.999275
974,1,0.998715163,0.838628935,22.06959967,739.6764088,0.999297727
984,1,0.998762526,0.838628935,22.06959967,739.6764088,0.9993125
994,1,0.998812793,0.838628935,22.06959967,739.6764088,0.999326389
4,0.995652676,0.997701371,0.056543998,66.34663072,587.8411849,0.4986
14,0.996842591,0.999653809,0.056543998,66.34663072,587.8411849,0.996475
24,0.997213353,1,0.056543998,66.34663072,587.8411849,0.997075
34,0.997264842,1,0.056543998,66.34663072,587.8411849,0.997253333
44,0.997669493,1,0.056543998,66.34663072,587.8411849,0.9975
54,0.997867501,1,0.056543998,66.34663072,587.8411849,0.9978125
64,0.998059023,1,0.056543998,66.34663072,587.8411849,0.9980125
74,0.998168418,1,0.056543998,66.34663072,587.8411849,0.998125
84,0.998244469,1,0.056543998,66.34663072,587.8411849,0.998209091
94,0.998360144,1,0.056543998,66.34663072,587.8411849,0.998275
104,0.998537586,1,0.056543998,66.34663072,587.8411849,0.998509091
114,0.998636969,1,0.056543998,66.34663072,587.8411849,0.998583333
124,0.998809925,1,0.056543998,66.34663072,587.8411849,0.998802143
134,0.998823332,1,0.056543998,66.34663072,587.8411849,0.998809286
144,0.998836739,1,0.056543998,66.34663072,587.8411849,0.998816429
154,0.998850146,1,0.056543998,66.34663072,587.8411849,0.998823571
164,0.998863553,1,0.056543998,66.34663072,587.8411849,0.998830714
174,0.99887696,1,0.056543998,66.34663072,587.8411849,0.998837857
184,0.998890367,1,0.056543998,66.34663072,587.8411849,0.998845
194,0.998954088,1,0.056543998,66.34663072,587.8411849,0.99891
204,0.999012092,1,0.056543998,66.34663072,587.8411849,0.999002586
214,0.999027982,1,0.056543998,66.34663072,587.8411849,0.999011207
224,0.999043871,1,0.056543998,66.34663072,587.8411849,0.999019828
234,0.999059761,1,0.056543998,66.34663072,587.8411849,0.999028448
244,0.999075651,1,0.056543998,66.34663072,587.8411849,0.999037069
254,0.99909154,1,0.056543998,66.34663072,587.8411849,0.99904569
264,0.999168378,1,0.056543998,66.34663072,587.8411849,0.9991
274,0.999341656,1,0.056543998,66.34663072,587.8411849,0.999314286
284,0.999397584,1,0.056543998,66.34663072,587.8411849,0.99935
294,0.99950962,1,0.056543998,66.34663072,587.8411849,0.9995
304,0.999532829,1,0.056543998,66.34663072,587.8411849,0.999512821
314,0.999556038,1,0.056543998,66.34663072,587.8411849,0.999525641
324,0.999579247,1,0.056543998,66.34663072,587.8411849,0.999538462
334,0.999608564,1,0.056543998,66.34663072,587.8411849,0.9995625
344,0.999689503,1,0.056543998,66.34663072,587.8411849,0.99964375
354,0.999902603,1,0.056543998,66.34663072,587.8411849,0.999900617
364,0.999906665,1,0.056543998,66.34663072,587.8411849,0.999902675
374,0.999910727,1,0.056543998,66.34663072,587.8411849,0.999904733
384,0.999914789,1,0.056543998,66.34663072,587.8411849,0.99990679
394,0.999918851,1,0.056543998,66.34663072,587.8411849,0.999908848
404,0.999922913,1,0.056543998,66.34663072,587.8411849,0.999910905
414,0.999926975,1,0.056543998,66.34663072,587.8411849,0.999912963
424,0.999931037,1,0.056543998,66.34663072,587.8411849,0.999915021
434,0.999935099,1,0.056543998,66.34663072,587.8411849,0.999917078
444,0.999939161,1,0.056543998,66.34663072,587.8411849,0.999919136
454,0.999943222,1,0.056543998,66.34663072,587.8411849,0.999921193
464,0.999947284,1,0.056543998,66.34663072,587.8411849,0.999923251
474,0.999951346,1,0.056543998,66.34663072,587.8411849,0.999925309
484,0.999955408,1,0.056543998,66.34663072,587.8411849,0.999927366
494,0.99995947,1,0.056543998,66.34663072,587.8411849,0.999929424
504,0.999963532,1,0.056543998,66.34663072,587.8411849,0.999931481
514,0.999967594,1,0.056543998,66.34663072,587.8411849,0.999933539
524,0.999971656,1,0.056543998,66.34663072,587.8411849,0.999935597
534,0.999975718,1,0.056543998,66.34663072,587.8411849,0.999937654
544,0.99997978,1,0.056543998,66.34663072,587.8411849,0.999939712
554,0.999983842,1,0.056543998,66.34663072,587.8411849,0.99994177
564,0.999987904,1,0.056543998,66.34663072,587.8411849,0.999943827
574,0.999991965,1,0.056543998,66.34663072,587.8411849,0.999945885
584,0.999996027,1,0.056543998,66.34663072,587.8411849,0.999947942
594,1,1,0.056543998,66.34663072,587.8411849,0.99995
604,1,1,0.056543998,66.34663072,587.8411849,1
614,1,1,0.056543998,66.34663072,587.8411849,1
624,1,1,0.056543998,66.34663072,587.8411849,1
634,1,1,0.056543998,66.34663072,587.8411849,1
644,1,1,0.056543998,66.34663072,587.8411849,1
654,1,1,0.056543998,66.34663072,587.8411849,1
664,1,1,0.056543998,66.34663072,587.8411849,1
674,1,1,0.056543998,66.34663072,587.8411849,1
684,1,1,0.056543998,66.34663072,587.8411849,1
694,1,1,0.056543998,66.34663072,587.8411849,1
704,1,1,0.056543998,66.34663072,587.8411849,1
714,1,1,0.056543998,66.34663072,587.8411849,1
724,1,1,0.056543998,66.34663072,587.8411849,1
734,1,1,0.056543998,66.34663072,587.8411849,1
744,1,1,0.056543998,66.34663072,587.8411849,1
754,1,1,0.056543998,66.34663072,587.8411849,1
764,1,1,0.056543998,66.34663072,587.8411849,1
774,1,1,0.056543998,66.34663072,587.8411849,1
784,1,1,0.056543998,66.34663072,587.8411849,1
794,1,1,0.056543998,66.34663072,587.8411849,1
804,1,1,0.056543998,66.34663072,587.8411849,1
814,1,1,0.056543998,66.34663072,587.8411849,1
824,1,1,0.056543998,66.34663072,587.8411849,1
834,1,1,0.056543998,66.34663072,587.8411849,1
844,1,1,0.056543998,66.34663072,587.8411849,1
854,1,1,0.056543998,66.34663072,587.8411849,1
864,1,1,0.056543998,66.34663072,587.8411849,1
874,1,1,0.056543998,66.34663072,587.8411849,1
884,1,1,0.056543998,66.34663072,587.8411849,1
894,1,1,0.056543998,66.34663072,587.8411849,1
904,1,1,0.056543998,66.34663072,587.8411849,1
914,1,1,0.056543998,66.34663072,587.8411849,1
924,1,1,0.056543998,66.34663072,587.8411849,1
934,1,1,0.056543998,66.34663072,587.8411849,1
944,1,1,0.056543998,66.34663072,587.8411849,1
954,1,1,0.056543998,66.34663072,587.8411849,1
964,1,1,0.056543998,66.34663072,587.8411849,1
974,1,1,0.056543998,66.34663072,587.8411849,1
984,1,1,0.056543998,66.34663072,587.8411849,1
994,1,1,0.056543998,66.34663072,587.8411849,1
4,0.97644746,0.969362168,0.229218929,41.19307747,878.7732415,0.4898
14,0.989592504,0.990898424,0.229218929,41.19307747,878.7732415,0.98365
24,0.990938964,0.991957337,0.229218929,41.19307747,878.7732415,0.98645
34,0.992021657,0.992144303,0.229218929,41.19307747,878.7732415,0.98785
44,0.993252187,0.992456041,0.229218929,41.19307747,878.7732415,0.98905
54,0.994059843,0.992969038,0.229218929,41.19307747,878.7732415,0.9902
64,0.994873906,0.99355496,0.229218929,41.19307747,878.7732415,0.9914
74,0.995593348,0.993768684,0.229218929,41.19307747,878.7732415,0.99225
84,0.996091194,0.99387818,0.229218929,41.19307747,878.7732415,0.99285
94,0.996589245,0.994409333,0.229218929,41.19307747,878.7732415,0.9935
104,0.996772997,0.994711003,0.229218929,41.19307747,878.7732415,0.9939625
114,0.997355302,0.994891176,0.229218929,41.19307747,878.7732415,0.99465
124,0.997855621,0.995203469,0.229218929,41.19307747,878.7732415,0.99535
134,0.998092541,0.995259956,0.229218929,41.19307747,878.7732415,0.99565
144,0.998272173,0.995637546,0.229218929,41.19307747,878.7732415,0.995833333
154,0.998489771,0.996018958,0.229218929,41.19307747,878.7732415,0.9964
164,0.998543338,0.996064568,0.229218929,41.19307747,878.7732415,0.996525
174,0.99859046,0.996153069,0.229218929,41.19307747,878.7732415,0.9965875
184,0.998689026,0.996233622,0.229218929,41.19307747,878.7732415,0.99674
194,0.998915723,0.996275511,0.229218929,41.19307747,878.7732415,0.996966667
204,0.999014227,0.996400655,0.229218929,41.19307747,878.7732415,0.9971
214,0.999074515,0.996537404,0.229218929,41.19307747,878.7732415,0.997275
224,0.99914778,0.996590345,0.229218929,41.19307747,878.7732415,0.997364286
234,0.999225536,0.996690008,0.229218929,41.19307747,878.7732415,0.99749
244,0.999294722,0.99687559,0.229218929,41.19307747,878.7732415,0.997633333
254,0.999501606,0.997166256,0.229218929,41.19307747,878.7732415,0.99801
264,0.999527054,0.99721604,0.229218929,41.19307747,878.7732415,0.998103226
274,0.999552502,0.997241237,0.229218929,41.19307747,878.7732415,0.998119355
284,0.99957795,0.997266435,0.229218929,41.19307747,878.7732415,0.998135484
294,0.999602867,0.997291632,0.229218929,41.19307747,878.7732415,0.9981625
304,0.999624338,0.997472126,0.229218929,41.19307747,878.7732415,0.998311111
314,0.99964581,0.997663294,0.229218929,41.19307747,878.7732415,0.99838
324,0.999667281,0.997910486,0.229218929,41.19307747,878.7732415,0.998525
334,0.999688753,0.997939567,0.229218929,41.19307747,878.7732415,0.998582143
344,0.999705809,0.997968648,0.229218929,41.19307747,878.7732415,0.99865
354,0.999718006,0.99799773,0.229218929,41.19307747,878.7732415,0.998685714
364,0.999730204,0.998062427,0.229218929,41.19307747,878.7732415,0.99871875
374,0.999742402,0.998203999,0.229218929,41.19307747,878.7732415,0.99875
384,0.9997546,0.998238516,0.229218929,41.19307747,878.7732415,0.998812069
394,0.999766798,0.998273034,0.229218929,41.19307747,878.7732415,0.99882931
404,0.999778996,0.998402937,0.229218929,41.19307747,878.7732415,0.998846552
414,0.999791194,0.998465067,0.229218929,41.19307747,878.7732415,0.998923077
424,0.99980317,0.998543511,0.229218929,41.19307747,878.7732415,0.999025
434,0.999814572,0.99862522,0.229218929,41.19307747,878.7732415,0.999102778
444,0.999825973,0.998683645,0.229218929,41.19307747,878.7732415,0.999130556
454,0.999837375,0.998802982,0.229218929,41.19307747,878.7732415,0.999175
464,0.999848776,0.998822408,0.229218929,41.19307747,878.7732415,0.999206863
474,0.999860178,0.998841834,0.229218929,41.19307747,878.7732415,0.999216667
484,0.999871579,0.99886126,0.229218929,41.19307747,878.7732415,0.999226471
494,0.99988298,0.998880686,0.229218929,41.19307747,878.7732415,0.999236275
504,0.999894382,0.998900244,0.229218929,41.19307747,878.7732415,0.999246078
514,0.999928341,0.998942524,0.229218929,41.19307747,878.7732415,0.99935
524,0.999984214,0.998984803,0.229218929,41.19307747,878.7732415,0.999388462
534,1,0.999023606,0.229218929,41.19307747,878.7732415,0.999503704
544,1,0.999060458,0.229218929,41.19307747,878.7732415,0.999522222
554,1,0.99909731,0.229218929,41.19307747,878.7732415,0.999540741
564,1,0.99910482,0.229218929,41.19307747,878.7732415,0.999551295
574,1,0.99911002,0.229218929,41.19307747,878.7732415,0.999553886
584,1,0.999115219,0.229218929,41.19307747,878.7732415,0.999556477
594,1,0.999120419,0.229218929,41.19307747,878.7732415,0.999559067
604,1,0.999125619,0.229218929,41.19307747,878.7732415,0.999561658
614,1,0.999130818,0.229218929,41.19307747,878.7732415,0.999564249
624,1,0.999136018,0.229218929,41.19307747,878.7732415,0.999566839
634,1,0.999141218,0.229218929,41.19307747,878.7732415,0.99956943
644,1,0.999146417,0.229218929,41.19307747,878.7732415,0.999572021
654,1,0.999151617,0.229218929,41.19307747,878.7732415,0.999574611
664,1,0.999156817,0.229218929,41.19307747,878.7732415,0.999577202
674,1,0.999162016,0.229218929,41.19307747,878.7732415,0.999579793
684,1,0.999167216,0.229218929,41.19307747,878.7732415,0.999582383
694,1,0.999172416,0.229218929,41.19307747,878.7732415,0.999584974
704,1,0.999177615,0.229218929,41.19307747,878.7732415,0.999587565
714,1,0.999182815,0.229218929,41.19307747,878.7732415,0.999590155
724,1,0.999188015,0.229218929,41.19307747,878.7732415,0.999592746
734,1,0.999193214,0.229218929,41.19307747,878.7732415,0.999595337
744,1,0.999198414,0.229218929,41.19307747,878.7732415,0.999597927
754,1,0.999303946,0.229218929,41.19307747,878.7732415,0.99965
764,1,0.999312547,0.229218929,41.19307747,878.7732415,0.99965431
774,1,0.999321147,0.229218929,41.19307747,878.7732415,0.999658621
784,1,0.999329748,0.229218929,41.19307747,878.7732415,0.999662931
794,1,0.999338349,0.229218929,41.19307747,878.7732415,0.999667241
804,1,0.99934695,0.229218929,41.19307747,878.7732415,0.999671552
814,1,0.99935555,0.229218929,41.19307747,878.7732415,0.999675862
824,1,0.999364151,0.229218929,41.19307747,878.7732415,0.999680172
834,1,0.999372752,0.229218929,41.19307747,878.7732415,0.999684483
844,1,0.999381353,0.229218929,41.19307747,878.7732415,0.999688793
854,1,0.999389953,0.229218929,41.19307747,878.7732415,0.999693103
864,1,0.999398554,0.229218929,41.19307747,878.7732415,0.999697414
874,1,0.999501094,0.229218929,41.19307747,878.7732415,0.999725
884,1,0.999522129,0.229218929,41.19307747,878.7732415,0.999756522
894,1,0.999543165,0.229218929,41.19307747,878.7732415,0.999767391
904,1,0.9995642,0.229218929,41.19307747,878.7732415,0.999778261
914,1,0.999585236,0.229218929,41.19307747,878.7732415,0.99978913
924,1,0.999602263,0.229218929,41.19307747,878.7732415,0.9998
934,1,0.999609854,0.229218929,41.19307747,878.7732415,0.999803759
944,1,0.999617446,0.229218929,41.19307747,878.7732415,0.999807519
954,1,0.999625037,0.229218929,41.19307747,878.7732415,0.999811278
964,1,0.999632628,0.229218929,41.19307747,878.7732415,0.999815038
974,1,0.99964022,0.229218929,41.19307747,878.7732415,0.999818797
984,1,0.999647811,0.229218929,41.19307747,878.7732415,0.999822556
994,1,0.999655402,0.229218929,41.19307747,878.7732415,0.999826316
4,0.012998411,0.341023231,0.788738645,106.9313111,59.22255251,0.0073
14,0.026685864,0.5685934,0.788738645,106.9313111,59.22255251,0.0189
24,0.034897848,0.597472113,0.788738645,106.9313111,59.22255251,0.026
34,0.044489572,0.626761811,0.788738645,106.9313111,59.22255251,0.03365
44,0.05592201,0.655319276,0.788738645,106.9313111,59.22255251,0.04385
54,0.06904665,0.685743056,0.788738645,106.9313111,59.22255251,0.05445
64,0.080501407,0.713539016,0.788738645,106.9313111,59.22255251,0.06435
74,0.095294996,0.742023862,0.788738645,106.9313111,59.22255251,0.0763
84,0.108479206,0.76729059,0.788738645,106.9313111,59.22255251,0.0876
94,0.128504978,0.791545243,0.788738645,106.9313111,59.22255251,0.1036
104,0.145892907,0.812204287,0.788738645,106.9313111,59.22255251,0.1182
114,0.161768777,0.831143568,0.788738645,106.9313111,59.22255251,0.1333
124,0.177750708,0.84729166,0.788738645,106.9313111,59.22255251,0.14755
134,0.192947092,0.866739873,0.788738645,106.9313111,59.22255251,0.16275
144,0.211614887,0.88215437,0.788738645,106.9313111,59.22255251,0.1791
154,0.229290711,0.894947545,0.788738645,106.9313111,59.22255251,0.1951
164,0.244802457,0.907340897,0.788738645,106.9313111,59.22255251,0.2097
174,0.263719693,0.915989934,0.788738645,106.9313111,59.22255251,0.22615
184,0.280532251,0.925561924,0.788738645,106.9313111,59.22255251,0.24335
194,0.295224419,0.932753746,0.788738645,106.9313111,59.22255251,0.25885
204,0.312917109,0.937978647,0.788738645,106.9313111,59.22255251,0.2754
214,0.328802725,0.94500422,0.788738645,106.9313111,59.22255251,0.2905
224,0.346222328,0.95059066,0.788738645,106.9313111,59.22255251,0.3071
234,0.36198923,0.954921344,0.788738645,106.9313111,59.22255251,0.3236
244,0.379113333,0.958281294,0.788738645,106.9313111,59.22255251,0.34005
254,0.39917024,0.961733974,0.788738645,106.9313111,59.22255251,0.3584
264,0.416767243,0.965346642,0.788738645,106.9313111,59.22255251,0.37505
274,0.434523856,0.967774108,0.788738645,106.9313111,59.22255251,0.3931
284,0.448735094,0.970125034,0.788738645,106.9313111,59.22255251,0.4078
294,0.466128784,0.971950711,0.788738645,106.9313111,59.22255251,0.4245
304,0.479261494,0.974087753,0.788738645,106.9313111,59.22255251,0.4381
314,0.492818142,0.975367405,0.788738645,106.9313111,59.22255251,0.45275
324,0.50923277,0.977809735,0.788738645,106.9313111,59.22255251,0.46965
334,0.527350694,0.978822469,0.788738645,106.9313111,59.22255251,0.48605
344,0.540511498,0.980160532,0.788738645,106.9313111,59.22255251,0.50035
354,0.558487021,0.981346748,0.788738645,106.9313111,59.22255251,0.5177
364,0.572506561,0.982929382,0.788738645,106.9313111,59.22255251,0.5324
374,0.585294025,0.983999904,0.788738645,106.9313111,59.22255251,0.5465
384,0.59607349,0.984923311,0.788738645,106.9313111,59.22255251,0.55865
394,0.60916486,0.985921158,0.788738645,106.9313111,59.22255251,0.57165
404,0.621395987,0.986676913,0.788738645,106.9313111,59.22255251,0.58435
414,0.633413882,0.987306505,0.788738645,106.9313111,59.22255251,0.596
424,0.643206048,0.987673262,0.788738645,106.9313111,59.22255251,0.60735
434,0.652206177,0.988275833,0.788738645,106.9313111,59.22255251,0.61765
444,0.662536117,0.98851463,0.788738645,106.9313111,59.22255251,0.6281
454,0.672033071,0.98921226,0.788738645,106.9313111,59.22255251,0.63855
464,0.681810395,0.990348682,0.788738645,106.9313111,59.22255251,0.64955
474,0.693430275,0.991187488,0.788738645,106.9313111,59.22255251,0.6604
484,0.703964533,0.991776187,0.788738645,106.9313111,59.22255251,0.67185
494,0.713656985,0.992141347,0.788738645,106.9313111,59.22255251,0.68175
504,0.723662272,0.992219131,0.788738645,106.9313111,59.22255251,0.6927
514,0.733442497,0.992292371,0.788738645,106.9313111,59.22255251,0.70255
524,0.742437984,0.992721262,0.788738645,106.9313111,59.22255251,0.7117
534,0.750732758,0.99297976,0.788738645,106.9313111,59.22255251,0.71975
544,0.757626086,0.993503593,0.788738645,106.9313111,59.22255251,0.7281
554,0.764865794,0.993999689,0.788738645,106.9313111,59.22255251,0.7356
564,0.773061058,0.994370549,0.788738645,106.9313111,59.22255251,0.74415
574,0.780612063,0.994715135,0.788738645,106.9313111,59.22255251,0.7523
584,0.788306843,0.995196912,0.788738645,106.9313111,59.22255251,0.76085
594,0.795243468,0.995512649,0.788738645,106.9313111,59.22255251,0.76895
604,0.800721107,0.995570035,0.788738645,106.9313111,59.22255251,0.77525
614,0.807122734,0.995705843,0.788738645,106.9313111,59.22255251,0.7819
624,0.814038521,0.995766407,0.788738645,106.9313111,59.22255251,0.78925
634,0.8207261,0.995993664,0.788738645,106.9313111,59.22255251,0.79545
644,0.826245433,0.996067084,0.788738645,106.9313111,59.22255251,0.802
654,0.833593472,0.996232863,0.788738645,106.9313111,59.22255251,0.80955
664,0.840775142,0.996295985,0.788738645,106.9313111,59.22255251,0.8175
674,0.847188994,0.996660163,0.788738645,106.9313111,59.22255251,0.82425
684,0.853386878,0.996933395,0.788738645,106.9313111,59.22255251,0.8309
694,0.858644384,0.997110082,0.788738645,106.9313111,59.22255251,0.83715
704,0.863063543,0.997164579,0.788738645,106.9313111,59.22255251,0.84285
714,0.868245197,0.99737938,0.788738645,106.9313111,59.22255251,0.84845
724,0.872443257,0.997426647,0.788738645,106.9313111,59.22255251,0.85375
734,0.876608589,0.997455023,0.788738645,106.9313111,59.22255251,0.85865
744,0.882996982,0.9974834,0.788738645,106.9313111,59.22255251,0.86485
754,0.889231185,0.997539624,0.788738645,106.9313111,59.22255251,0.8711
764,0.893086226,0.99761142,0.788738645,106.9313111,59.22255251,0.8763
774,0.898329723,0.997642481,0.788738645,106.9313111,59.22255251,0.8811
784,0.902569933,0.997673541,0.788738645,106.9313111,59.22255251,0.88575
794,0.90672475,0.997762435,0.788738645,106.9313111,59.22255251,0.89055
804,0.910266464,0.997820336,0.788738645,106.9313111,59.22255251,0.8946
814,0.913685765,0.997842662,0.788738645,106.9313111,59.22255251,0.8986
824,0.916971321,0.997864989,0.788738645,106.9313111,59.22255251,0.90315
834,0.919526402,0.997887315,0.788738645,106.9313111,59.22255251,0.90635
844,0.922610747,0.997951527,0.788738645,106.9313111,59.22255251,0.90985
854,0.925072919,0.998010494,0.788738645,106.9313111,59.22255251,0.913
864,0.928724546,0.998028169,0.788738645,106.9313111,59.22255251,0.9164
874,0.931327522,0.998045843,0.788738645,106.9313111,59.22255251,0.9196
884,0.934772686,0.998063517,0.788738645,106.9313111,59.22255251,0.9232
894,0.939070756,0.998081191,0.788738645,106.9313111,59.22255251,0.9275
904,0.942001843,0.998098866,0.788738645,106.9313111,59.22255251,0.9309
914,0.944428626,0.998325174,0.788738645,106.9313111,59.22255251,0.93295
924,0.947144159,0.9984259,0.788738645,106.9313111,59.22255251,0.936
934,0.949974318,0.99846627,0.788738645,106.9313111,59.22255251,0.9387
944,0.952090016,0.998515568,0.788738645,106.9313111,59.22255251,0.9411
954,0.954391728,0.998605865,0.788738645,106.9313111,59.22255251,0.94405
964,0.957351753,0.998660182,0.788738645,106.9313111,59.22255251,0.94685
974,0.959967014,0.998708323,0.788738645,106.9313111,59.22255251,0.9501
984,0.961798716,0.998739502,0.788738645,106.9313111,59.22255251,0.95215
994,0.963229124,0.99877068,0.788738645,106.9313111,59.22255251,0.9542
4,0.760085334,0.663791933,0.58633366,48.76340945,993.8935217,0.40015
14,0.935065083,0.920905808,0.58633366,48.76340945,993.8935217,0.8804
24,0.950587279,0.933041689,0.58633366,48.76340945,993.8935217,0.9147
34,0.960709231,0.936935419,0.58633366,48.76340945,993.8935217,0.9285
44,0.968971519,0.940795288,0.58633366,48.76340945,993.8935217,0.93775
54,0.974315828,0.944762233,0.58633366,48.76340945,993.8935217,0.946
64,0.978814139,0.948514935,0.58633366,48.76340945,993.8935217,0.9521
74,0.983107428,0.952275314,0.58633366,48.76340945,993.8935217,0.95765
84,0.985906215,0.955751807,0.58633366,48.76340945,993.8935217,0.96205
94,0.987837224,0.958130481,0.58633366,48.76340945,993.8935217,0.96545
104,0.989299669,0.961225254,0.58633366,48.76340945,993.8935217,0.96815
114,0.990535939,0.963469566,0.58633366,48.76340945,993.8935217,0.971
124,0.991722898,0.966322904,0.58633366,48.76340945,993.8935217,0.97345
134,0.99291713,0.968019283,0.58633366,48.76340945,993.8935217,0.9756
144,0.993657184,0.969922718,0.58633366,48.76340945,993.8935217,0.97765
154,0.994126355,0.97164294,0.58633366,48.76340945,993.8935217,0.9789
164,0.995074158,0.973758867,0.58633366,48.76340945,993.8935217,0.98085
174,0.995749768,0.97514553,0.58633366,48.76340945,993.8935217,0.9823
184,0.996343709,0.976872418,0.58633366,48.76340945,993.8935217,0.98375
194,0.996544329,0.978434347,0.58633366,48.76340945,993.8935217,0.9849
204,0.996859118,0.979447632,0.58633366,48.76340945,993.8935217,0.98565
214,0.997402415,0.980499598,0.58633366,48.76340945,993.8935217,0.9867
224,0.997764419,0.981061004,0.58633366,48.76340945,993.8935217,0.9877
234,0.997915786,0.982095795,0.58633366,48.76340945,993.8935217,0.9887
244,0.997964159,0.983214831,0.58633366,48.76340945,993.8935217,0.989225
254,0.998105605,0.984301634,0.58633366,48.76340945,993.8935217,0.9899
264,0.998159698,0.98568184,0.58633366,48.76340945,993.8935217,0.99045
274,0.998313009,0.986095638,0.58633366,48.76340945,993.8935217,0.991
284,0.998364359,0.987014483,0.58633366,48.76340945,993.8935217,0.991566667
294,0.998417208,0.987511185,0.58633366,48.76340945,993.8935217,0.991783333
304,0.998473456,0.988225962,0.58633366,48.76340945,993.8935217,0.9922
314,0.998553607,0.988833207,0.58633366,48.76340945,993.8935217,0.9927
324,0.998721191,0.98950471,0.58633366,48.76340945,993.8935217,0.993075
334,0.998924556,0.989711707,0.58633366,48.76340945,993.8935217,0.99346
344,0.998986086,0.989790239,0.58633366,48.76340945,993.8935217,0.99366
354,0.999024233,0.990184022,0.58633366,48.76340945,993.8935217,0.993883333
364,0.999055548,0.990325417,0.58633366,48.76340945,993.8935217,0.9940875
374,0.999086863,0.99045064,0.58633366,48.76340945,993.8935217,0.99419
384,0.99914359,0.990902323,0.58633366,48.76340945,993.8935217,0.994425
394,0.999222203,0.99104146,0.58633366,48.76340945,993.8935217,0.99465
404,0.999419786,0.99138052,0.58633366,48.76340945,993.8935217,0.994966667
414,0.99951576,0.992017676,0.58633366,48.76340945,993.8935217,0.995283333
424,0.999544475,0.99219422,0.58633366,48.76340945,993.8935217,0.995566667
434,0.999573191,0.99225119,0.58633366,48.76340945,993.8935217,0.99562
444,0.999601794,0.992307118,0.58633366,48.76340945,993.8935217,0.99566
454,0.999628821,0.992391652,0.58633366,48.76340945,993.8935217,0.995764286
464,0.999655848,0.992839056,0.58633366,48.76340945,993.8935217,0.99595
474,0.999682874,0.993402356,0.58633366,48.76340945,993.8935217,0.996175
484,0.999733063,0.993550564,0.58633366,48.76340945,993.8935217,0.996375
494,0.999803814,0.99379148,0.58633366,48.76340945,993.8935217,0.996616667
504,0.999818578,0.994092985,0.58633366,48.76340945,993.8935217,0.996785714
514,0.999833342,0.994484077,0.58633366,48.76340945,993.8935217,0.997008333
524,0.999848106,0.994732291,0.58633366,48.76340945,993.8935217,0.99713
534,0.99986287,0.99495054,0.58633366,48.76340945,993.8935217,0.997233333
544,0.999877634,0.995276589,0.58633366,48.76340945,993.8935217,0.997331818
554,0.999892398,0.995531328,0.58633366,48.76340945,993.8935217,0.997564286
564,0.99990115,0.995584156,0.58633366,48.76340945,993.8935217,0.997622727
574,0.999903521,0.996014741,0.58633366,48.76340945,993.8935217,0.99772
584,0.999905891,0.996528485,0.58633366,48.76340945,993.8935217,0.9979875
594,0.999908262,0.996622409,0.58633366,48.76340945,993.8935217,0.9981
604,0.999910633,0.996663786,0.58633366,48.76340945,993.8935217,0.998138462
614,0.999913003,0.996709393,0.58633366,48.76340945,993.8935217,0.998176923
624,0.999915374,0.996784666,0.58633366,48.76340945,993.8935217,0.99822
634,0.999917745,0.997105428,0.58633366,48.76340945,993.8935217,0.99833
644,0.999920115,0.997168369,0.58633366,48.76340945,993.8935217,0.998421875
654,0.999922486,0.997324281,0.58633366,48.76340945,993.8935217,0.998466667
664,0.999924856,0.997484787,0.58633366,48.76340945,993.8935217,0.99855
674,0.999927227,0.997878553,0.58633366,48.76340945,993.8935217,0.9988
684,0.999929598,0.9980308,0.58633366,48.76340945,993.8935217,0.998906818
694,0.999931968,0.998076724,0.58633366,48.76340945,993.8935217,0.998929545
704,0.999934339,0.998143667,0.58633366,48.76340945,993.8935217,0.998954545
714,0.99993671,0.998312674,0.58633366,48.76340945,993.8935217,0.999
724,0.99993908,0.998380268,0.58633366,48.76340945,993.8935217,0.999078125
734,0.999941451,0.998415348,0.58633366,48.76340945,993.8935217,0.999103261
744,0.999943822,0.998437024,0.58633366,48.76340945,993.8935217,0.99911413
754,0.999946192,0.998458701,0.58633366,48.76340945,993.8935217,0.999125
764,0.999948563,0.998480377,0.58633366,48.76340945,993.8935217,0.99913587
774,0.999950934,0.998518817,0.58633366,48.76340945,993.8935217,0.999146739
784,0.999953304,0.998625244,0.58633366,48.76340945,993.8935217,0.999203226
794,0.999955675,0.998667927,0.58633366,48.76340945,993.8935217,0.999219355
804,0.999958045,0.998708852,0.58633366,48.76340945,993.8935217,0.999235484
814,0.999960416,0.998744465,0.58633366,48.76340945,993.8935217,0.9992525
824,0.999962787,0.998780078,0.58633366,48.76340945,993.8935217,0.9992775
834,0.999965157,0.998848705,0.58633366,48.76340945,993.8935217,0.999305
844,0.999967528,0.998908666,0.58633366,48.76340945,993.8935217,0.999350781
854,0.999969899,0.998924835,0.58633366,48.76340945,993.8935217,0.999358594
864,0.999972269,0.998941004,0.58633366,48.76340945,993.8935217,0.999366406
874,0.99997464,0.998957173,0.58633366,48.76340945,993.8935217,0.999374219
884,0.999977011,0.998973342,0.58633366,48.76340945,993.8935217,0.999382031
894,0.999979381,0.998989512,0.58633366,48.76340945,993.8935217,0.999389844
904,0.999981752,0.999101917,0.58633366,48.76340945,993.8935217,0.999397656
914,0.999984123,0.999122635,0.58633366,48.76340945,993.8935217,0.999409722
924,0.999986493,0.999143353,0.58633366,48.76340945,993.8935217,0.999423611
934,0.999988864,0.999164071,0.58633366,48.76340945,993.8935217,0.9994375
944,0.999991234,0.99918479,0.58633366,48.76340945,993.8935217,0.999453846
954,0.999993605,0.999300024,0.58633366,48.76340945,993.8935217,0.999492308
964,0.999995976,0.999313156,0.58633366,48.76340945,993.8935217,0.999563043
974,0.999998346,0.999326288,0.58633366,48.76340945,993.8935217,0.999584783
984,1,0.999339419,0.58633366,48.76340945,993.8935217,0.9996375
994,1,0.999352551,0.58633366,48.76340945,993.8935217,0.999659184
4,0.100261689,0.179046814,1.309706045,87.74378273,156.857052,0.0566
14,0.181311573,0.393858227,1.309706045,87.74378273,156.857052,0.12055
24,0.222591719,0.425468797,1.309706045,87.74378273,156.857052,0.1531
34,0.257114104,0.452058391,1.309706045,87.74378273,156.857052,0.1811
44,0.291768493,0.484387024,1.309706045,87.74378273,156.857052,0.20835
54,0.322101884,0.513972669,1.309706045,87.74378273,156.857052,0.2346
64,0.352856807,0.547679344,1.309706045,87.74378273,156.857052,0.2586
74,0.383329821,0.579824648,1.309706045,87.74378273,156.857052,0.284
84,0.410864827,0.6102698,1.309706045,87.74378273,156.857052,0.30885
94,0.439826409,0.638317953,1.309706045,87.74378273,156.857052,0.33485
104,0.466319984,0.659935849,1.309706045,87.74378273,156.857052,0.36035
114,0.492855274,0.682369507,1.309706045,87.74378273,156.857052,0.38515
124,0.516839502,0.704133446,1.309706045,87.74378273,156.857052,0.4076
134,0.541095428,0.72262923,1.309706045,87.74378273,156.857052,0.4313
144,0.56560974,0.738795432,1.309706045,87.74378273,156.857052,0.4546
154,0.587215334,0.754249362,1.309706045,87.74378273,156.857052,0.47555
164,0.61048212,0.768053629,1.309706045,87.74378273,156.857052,0.497
174,0.626020228,0.783168849,1.309706045,87.74378273,156.857052,0.51525
184,0.647162437,0.796899804,1.309706045,87.74378273,156.857052,0.53705
194,0.665608758,0.807475372,1.309706045,87.74378273,156.857052,0.5569
204,0.681640587,0.819139191,1.309706045,87.74378273,156.857052,0.57365
214,0.69975295,0.830259643,1.309706045,87.74378273,156.857052,0.5929
224,0.718122024,0.840021488,1.309706045,87.74378273,156.857052,0.61145
234,0.734161898,0.848129463,1.309706045,87.74378273,156.857052,0.6289
244,0.749345006,0.85485853,1.309706045,87.74378273,156.857052,0.64445
254,0.761284319,0.8629084,1.309706045,87.74378273,156.857052,0.65865
264,0.775920901,0.870677616,1.309706045,87.74378273,156.857052,0.6752
274,0.789373165,0.8764611,1.309706045,87.74378273,156.857052,0.69025
284,0.798967361,0.881782981,1.309706045,87.74378273,156.857052,0.70265
294,0.808623824,0.886627168,1.309706045,87.74378273,156.857052,0.71425
304,0.819212035,0.891946415,1.309706045,87.74378273,156.857052,0.72595
314,0.829575902,0.897487628,1.309706045,87.74378273,156.857052,0.73885
324,0.83699706,0.901528201,1.309706045,87.74378273,156.857052,0.7492
334,0.847296569,0.906432128,1.309706045,87.74378273,156.857052,0.76135
344,0.855550537,0.910753809,1.309706045,87.74378273,156.857052,0.7719
354,0.86214191,0.914388416,1.309706045,87.74378273,156.857052,0.78095
364,0.868400848,0.917699193,1.309706045,87.74378273,156.857052,0.7891
374,0.875352422,0.922243331,1.309706045,87.74378273,156.857052,0.79855
384,0.882901989,0.926548386,1.309706045,87.74378273,156.857052,0.80805
394,0.889156696,0.929649033,1.309706045,87.74378273,156.857052,0.8167
404,0.895046664,0.93378766,1.309706045,87.74378273,156.857052,0.82485
414,0.900317805,0.936938188,1.309706045,87.74378273,156.857052,0.8322
424,0.905717753,0.939818884,1.309706045,87.74378273,156.857052,0.8402
434,0.909654597,0.942319467,1.309706045,87.74378273,156.857052,0.8469
444,0.914023991,0.944826443,1.309706045,87.74378273,156.857052,0.85255
454,0.918242405,0.946818355,1.309706045,87.74378273,156.857052,0.8581
464,0.920966943,0.94995834,1.309706045,87.74378273,156.857052,0.86295
474,0.923866987,0.952041234,1.309706045,87.74378273,156.857052,0.8679
484,0.926827103,0.953844385,1.309706045,87.74378273,156.857052,0.8728
494,0.929803942,0.955771007,1.309706045,87.74378273,156.857052,0.87815
504,0.933708869,0.95765354,1.309706045,87.74378273,156.857052,0.8833
514,0.936863507,0.959080381,1.309706045,87.74378273,156.857052,0.8888
524,0.939798707,0.961047294,1.309706045,87.74378273,156.857052,0.8931
534,0.941308142,0.962722448,1.309706045,87.74378273,156.857052,0.8964
544,0.943533452,0.964688938,1.309706045,87.74378273,156.857052,0.90055
554,0.946167716,0.966442214,1.309706045,87.74378273,156.857052,0.90485
564,0.947826988,0.967124572,1.309706045,87.74378273,156.857052,0.9083
574,0.950524452,0.968205822,1.309706045,87.74378273,156.857052,0.91205
584,0.952863925,0.969119332,1.309706045,87.74378273,156.857052,0.91505
594,0.955671465,0.969864322,1.309706045,87.74378273,156.857052,0.91855
604,0.957514324,0.970669631,1.309706045,87.74378273,156.857052,0.9222
614,0.958831322,0.972025861,1.309706045,87.74378273,156.857052,0.92495
624,0.960302837,0.972658271,1.309706045,87.74378273,156.857052,0.92745
634,0.961935824,0.973709183,1.309706045,87.74378273,156.857052,0.93035
644,0.963871478,0.974727421,1.309706045,87.74378273,156.857052,0.9333
654,0.965200763,0.975819356,1.309706045,87.74378273,156.857052,0.93555
664,0.965980548,0.976892016,1.309706045,87.74378273,156.857052,0.9377
674,0.967544354,0.977995475,1.309706045,87.74378273,156.857052,0.94035
684,0.968381216,0.97873553,1.309706045,87.74378273,156.857052,0.94245
694,0.969396649,0.979855435,1.309706045,87.74378273,156.857052,0.9442
704,0.970021634,0.980210806,1.309706045,87.74378273,156.857052,0.9456
714,0.970399934,0.980682254,1.309706045,87.74378273,156.857052,0.947
724,0.971668053,0.981498308,1.309706045,87.74378273,156.857052,0.9485
734,0.972759443,0.981969316,1.309706045,87.74378273,156.857052,0.9501
744,0.974293436,0.982765328,1.309706045,87.74378273,156.857052,0.952
754,0.975350899,0.983611044,1.309706045,87.74378273,156.857052,0.9535
764,0.976288452,0.984124578,1.309706045,87.74378273,156.857052,0.9551
774,0.976992185,0.984456692,1.309706045,87.74378273,156.857052,0.9564
784,0.978020117,0.984916915,1.309706045,87.74378273,156.857052,0.9583
794,0.979033388,0.985275641,1.309706045,87.74378273,156.857052,0.9597
804,0.980580303,0.986323799,1.309706045,87.74378273,156.857052,0.9615
814,0.981845507,0.986876788,1.309706045,87.74378273,156.857052,0.9631
824,0.983077988,0.987524031,1.309706045,87.74378273,156.857052,0.965
834,0.983650009,0.98795181,1.309706045,87.74378273,156.857052,0.9661
844,0.984104111,0.988339827,1.309706045,87.74378273,156.857052,0.9672
854,0.984735882,0.988782672,1.309706045,87.74378273,156.857052,0.9685
864,0.985240679,0.989225817,1.309706045,87.74378273,156.857052,0.9699
874,0.986871071,0.989350123,1.309706045,87.74378273,156.857052,0.9718
884,0.987575619,0.989492973,1.309706045,87.74378273,156.857052,0.97315
894,0.988250199,0.989915107,1.309706045,87.74378273,156.857052,0.974275
904,0.988670799,0.99008337,1.309706045,87.74378273,156.857052,0.97545
914,0.989299619,0.990858414,1.309706045,87.74378273,156.857052,0.9768
924,0.989791896,0.9912524,1.309706045,87.74378273,156.857052,0.9777
934,0.990263668,0.991523881,1.309706045,87.74378273,156.857052,0.97875
944,0.990674451,0.991709619,1.309706045,87.74378273,156.857052,0.97935
954,0.991872017,0.991832278,1.309706045,87.74378273,156.857052,0.98095
964,0.992256871,0.992072336,1.309706045,87.74378273,156.857052,0.9818
974,0.992692879,0.99227253,1.309706045,87.74378273,156.857052,0.9827
984,0.993144508,0.992733789,1.309706045,87.74378273,156.857052,0.98355
994,0.993415441,0.9929441,1.309706045,87.74378273,156.857052,0.983975
4,0.173966018,0.117768609,1.738530962,78.0950002,638.9975458,0.1011
14,0.329590982,0.280282665,1.738530962,78.0950002,638.9975458,0.20245
24,0.418598301,0.297075899,1.738530962,78.0950002,638.9975458,0.2624
34,0.504544228,0.320056701,1.738530962,78.0950002,638.9975458,0.3202
44,0.576937943,0.345574667,1.738530962,78.0950002,638.9975458,0.3721
54,0.639365168,0.37568667,1.738530962,78.0950002,638.9975458,0.41865
64,0.690523195,0.405082625,1.738530962,78.0950002,638.9975458,0.4601
74,0.732122153,0.43718053,1.738530962,78.0950002,638.9975458,0.49755
84,0.768587876,0.467617998,1.738530962,78.0950002,638.9975458,0.53035
94,0.797643925,0.495991907,1.738530962,78.0950002,638.9975458,0.56015
104,0.822455954,0.524079525,1.738530962,78.0950002,638.9975458,0.5871
114,0.840305201,0.551061058,1.738530962,78.0950002,638.9975458,0.61
124,0.856432793,0.576538159,1.738530962,78.0950002,638.9975458,0.6316
134,0.871556885,0.601126429,1.738530962,78.0950002,638.9975458,0.65295
144,0.885411254,0.620352203,1.738530962,78.0950002,638.9975458,0.67295
154,0.900008662,0.640623818,1.738530962,78.0950002,638.9975458,0.6939
164,0.910872589,0.65927952,1.738530962,78.0950002,638.9975458,0.7106
174,0.921217639,0.674367239,1.738530962,78.0950002,638.9975458,0.72625
184,0.929129442,0.690729469,1.738530962,78.0950002,638.9975458,0.74115
194,0.936487686,0.705808237,1.738530962,78.0950002,638.9975458,0.754
204,0.943984833,0.720011659,1.738530962,78.0950002,638.9975458,0.7685
214,0.949536306,0.73452906,1.738530962,78.0950002,638.9975458,0.78135
224,0.954198707,0.747174941,1.738530962,78.0950002,638.9975458,0.79225
234,0.958473357,0.759145273,1.738530962,78.0950002,638.9975458,0.8036
244,0.961856886,0.769635877,1.738530962,78.0950002,638.9975458,0.81385
254,0.964526483,0.781123808,1.738530962,78.0950002,638.9975458,0.82385
264,0.966482217,0.790388032,1.738530962,78.0950002,638.9975458,0.83265
274,0.969793644,0.798293771,1.738530962,78.0950002,638.9975458,0.84065
284,0.972544941,0.80733202,1.738530962,78.0950002,638.9975458,0.8489
294,0.975211411,0.815305823,1.738530962,78.0950002,638.9975458,0.8563
304,0.976775066,0.821900673,1.738530962,78.0950002,638.9975458,0.86225
314,0.978721721,0.829722501,1.738530962,78.0950002,638.9975458,0.8679
324,0.979892122,0.837463831,1.738530962,78.0950002,638.9975458,0.8731
334,0.980948881,0.844059028,1.738530962,78.0950002,638.9975458,0.8782
344,0.982363879,0.849986943,1.738530962,78.0950002,638.9975458,0.8834
354,0.983976087,0.85673703,1.738530962,78.0950002,638.9975458,0.8883
364,0.985009518,0.862501713,1.738530962,78.0950002,638.9975458,0.89375
374,0.985396412,0.867381681,1.738530962,78.0950002,638.9975458,0.89815
384,0.986459249,0.87399551,1.738530962,78.0950002,638.9975458,0.9025
394,0.987079241,0.879991923,1.738530962,78.0950002,638.9975458,0.90705
404,0.988015816,0.885884973,1.738530962,78.0950002,638.9975458,0.9116
414,0.988510969,0.890659535,1.738530962,78.0950002,638.9975458,0.9146
424,0.988767786,0.894617789,1.738530962,78.0950002,638.9975458,0.9181
434,0.9895851,0.899413808,1.738530962,78.0950002,638.9975458,0.9212
444,0.989955649,0.903211043,1.738530962,78.0950002,638.9975458,0.92415
454,0.990594692,0.906789376,1.738530962,78.0950002,638.9975458,0.9275
464,0.991092409,0.909699203,1.738530962,78.0950002,638.9975458,0.931
474,0.991666558,0.913659419,1.738530962,78.0950002,638.9975458,0.93395
484,0.992630483,0.916673617,1.738530962,78.0950002,638.9975458,0.93705
494,0.992869018,0.920099105,1.738530962,78.0950002,638.9975458,0.93935
504,0.993397704,0.923243376,1.738530962,78.0950002,638.9975458,0.9414
514,0.993673213,0.926057722,1.738530962,78.0950002,638.9975458,0.9446
524,0.993821082,0.929245284,1.738530962,78.0950002,638.9975458,0.9467
534,0.994012551,0.932005858,1.738530962,78.0950002,638.9975458,0.9486
544,0.994097109,0.934891867,1.738530962,78.0950002,638.9975458,0.95045
554,0.994409837,0.937680025,1.738530962,78.0950002,638.9975458,0.952
564,0.994639449,0.940138968,1.738530962,78.0950002,638.9975458,0.95425
574,0.994926377,0.942050751,1.738530962,78.0950002,638.9975458,0.95615
584,0.995182628,0.944224612,1.738530962,78.0950002,638.9975458,0.9574
594,0.995702412,0.945482246,1.738530962,78.0950002,638.9975458,0.959
604,0.996053211,0.947522429,1.738530962,78.0950002,638.9975458,0.9605
614,0.996181335,0.950063138,1.738530962,78.0950002,638.9975458,0.96185
624,0.996607948,0.951895402,1.738530962,78.0950002,638.9975458,0.96385
634,0.996680775,0.953640701,1.738530962,78.0950002,638.9975458,0.96515
644,0.996851173,0.955114741,1.738530962,78.0950002,638.9975458,0.9668
654,0.99705167,0.956144666,1.738530962,78.0950002,638.9975458,0.968
664,0.997155455,0.958277203,1.738530962,78.0950002,638.9975458,0.9688
674,0.99743379,0.95951191,1.738530962,78.0950002,638.9975458,0.97045
684,0.997598801,0.961067551,1.738530962,78.0950002,638.9975458,0.97165
694,0.997745377,0.962668458,1.738530962,78.0950002,638.9975458,0.97285
704,0.997815088,0.963922077,1.738530962,78.0950002,638.9975458,0.97395
714,0.997861697,0.964901377,1.738530962,78.0950002,638.9975458,0.974775
724,0.998012667,0.966701717,1.738530962,78.0950002,638.9975458,0.9758
734,0.998134665,0.967730245,1.738530962,78.0950002,638.9975458,0.9768
744,0.998224222,0.968611781,1.738530962,78.0950002,638.9975458,0.97785
754,0.998284683,0.969523212,1.738530962,78.0950002,638.9975458,0.9787
764,0.998532672,0.970749412,1.738530962,78.0950002,638.9975458,0.98
774,0.998649738,0.971500561,1.738530962,78.0950002,638.9975458,0.9807
784,0.998748144,0.972284905,1.738530962,78.0950002,638.9975458,0.9816
794,0.998866645,0.972948246,1.738530962,78.0950002,638.9975458,0.9819
804,0.998941819,0.974074592,1.738530962,78.0950002,638.9975458,0.9823
814,0.998988895,0.974741001,1.738530962,78.0950002,638.9975458,0.9826
824,0.999103714,0.97582375,1.738530962,78.0950002,638.9975458,0.98335
834,0.999132221,0.976824323,1.738530962,78.0950002,638.9975458,0.98395
844,0.999160729,0.977935652,1.738530962,78.0950002,638.9975458,0.9845
854,0.999189236,0.978638769,1.738530962,78.0950002,638.9975458,0.98495
864,0.999286644,0.979590713,1.738530962,78.0950002,638.9975458,0.9854
874,0.999418564,0.980879272,1.738530962,78.0950002,638.9975458,0.985975
884,0.999442091,0.981731089,1.738530962,78.0950002,638.9975458,0.9867
894,0.999465617,0.982139938,1.738530962,78.0950002,638.9975458,0.986975
904,0.999489143,0.983177574,1.738530962,78.0950002,638.9975458,0.98765
914,0.999507281,0.983833496,1.738530962,78.0950002,638.9975458,0.988
924,0.999520802,0.984267484,1.738530962,78.0950002,638.9975458,0.98845
934,0.999534323,0.984905822,1.738530962,78.0950002,638.9975458,0.98875
944,0.999547844,0.98530822,1.738530962,78.0950002,638.9975458,0.98914
954,0.999561365,0.986107105,1.738530962,78.0950002,638.9975458,0.9896
964,0.999574886,0.986633753,1.738530962,78.0950002,638.9975458,0.98985
974,0.999588408,0.987074101,1.738530962,78.0950002,638.9975458,0.990216667
984,0.999602726,0.987385883,1.738530962,78.0950002,638.9975458,0.9906
994,0.99962184,0.987919304,1.738530962,78.0950002,638.9975458,0.990966667
4,1.42E-01,0.090633988,1.903462121,20.17000073,359.9180539,0.0816
14,0.278079305,0.225263207,1.903462121,20.17000073,359.9180539,0.16515
24,0.368574275,0.241899905,1.903462121,20.17000073,359.9180539,0.22305
34,0.452703695,0.260852533,1.903462121,20.17000073,359.9180539,0.27715
44,0.528236251,0.288816993,1.903462121,20.17000073,359.9180539,0.3284
54,0.595402492,0.315651927,1.903462121,20.17000073,359.9180539,0.3757
64,0.648832936,0.344936418,1.903462121,20.17000073,359.9180539,0.4157
74,0.693373753,0.375191362,1.903462121,20.17000073,359.9180539,0.4505
84,0.732068743,0.405393639,1.903462121,20.17000073,359.9180539,0.48415
94,0.765108516,0.436582311,1.903462121,20.17000073,359.9180539,0.51435
104,0.792055307,0.462563566,1.903462121,20.17000073,359.9180539,0.54215
114,0.821005604,0.48910435,1.903462121,20.17000073,359.9180539,0.56945
124,0.842778224,0.511966029,1.903462121,20.17000073,359.9180539,0.5948
134,0.85958143,0.537691714,1.903462121,20.17000073,359.9180539,0.61535
144,0.876018449,0.5627543,1.903462121,20.17000073,359.9180539,0.636
154,0.887994356,0.584383815,1.903462121,20.17000073,359.9180539,0.6551
164,0.898259901,0.605012377,1.903462121,20.17000073,359.9180539,0.6714
174,0.908528506,0.622096591,1.903462121,20.17000073,359.9180539,0.68775
184,0.91792004,0.640745434,1.903462121,20.17000073,359.9180539,0.705
194,0.926978316,0.658262689,1.903462121,20.17000073,359.9180539,0.71955
204,0.935243171,0.67278716,1.903462121,20.17000073,359.9180539,0.73415
214,0.944216004,0.687110348,1.903462121,20.17000073,359.9180539,0.74855
224,0.950526702,0.701052911,1.903462121,20.17000073,359.9180539,0.7618
234,0.956024928,0.715191115,1.903462121,20.17000073,359.9180539,0.77325
244,0.959791426,0.727437601,1.903462121,20.17000073,359.9180539,0.78375
254,0.963473926,0.739045595,1.903462121,20.17000073,359.9180539,0.794
264,0.966766151,0.750805003,1.903462121,20.17000073,359.9180539,0.8039
274,0.969365927,0.762089879,1.903462121,20.17000073,359.9180539,0.8127
284,0.971689755,0.772805797,1.903462121,20.17000073,359.9180539,0.8212
294,0.974362586,0.780899679,1.903462121,20.17000073,359.9180539,0.82845
304,0.9766775,0.791423485,1.903462121,20.17000073,359.9180539,0.836
314,0.978050883,0.80011889,1.903462121,20.17000073,359.9180539,0.8433
324,0.979512338,0.810212927,1.903462121,20.17000073,359.9180539,0.85075
334,0.980939911,0.818287559,1.903462121,20.17000073,359.9180539,0.8577
344,0.98302255,0.827371452,1.903462121,20.17000073,359.9180539,0.86485
354,0.983981462,0.834351095,1.903462121,20.17000073,359.9180539,0.87095
364,0.985344335,0.840518306,1.903462121,20.17000073,359.9180539,0.87645
374,0.986253696,0.846355587,1.903462121,20.17000073,359.9180539,0.88135
384,0.987442618,0.853990292,1.903462121,20.17000073,359.9180539,0.8868
394,0.988383711,0.859742909,1.903462121,20.17000073,359.9180539,0.8914
404,0.988993722,0.864985002,1.903462121,20.17000073,359.9180539,0.89575
414,0.989689419,0.868935655,1.903462121,20.17000073,359.9180539,0.89975
424,0.990339347,0.873439256,1.903462121,20.17000073,359.9180539,0.90355
434,0.991411802,0.877442067,1.903462121,20.17000073,359.9180539,0.90765
444,0.992110096,0.881680958,1.903462121,20.17000073,359.9180539,0.9109
454,0.992664299,0.886318159,1.903462121,20.17000073,359.9180539,0.91495
464,0.993608198,0.889931147,1.903462121,20.17000073,359.9180539,0.91845
474,0.99387617,0.894003941,1.903462121,20.17000073,359.9180539,0.92105
484,0.994242716,0.897836289,1.903462121,20.17000073,359.9180539,0.92445
494,0.994566713,0.901084015,1.903462121,20.17000073,359.9180539,0.92735
504,0.99505575,0.904174294,1.903462121,20.17000073,359.9180539,0.9301
514,0.995546991,0.907446909,1.903462121,20.17000073,359.9180539,0.9326
524,0.99597156,0.910378779,1.903462121,20.17000073,359.9180539,0.9356
534,0.996257331,0.914108569,1.903462121,20.17000073,359.9180539,0.9382
544,0.99635746,0.916886466,1.903462121,20.17000073,359.9180539,0.9402
554,0.996552397,0.92016231,1.903462121,20.17000073,359.9180539,0.9425
564,0.996711855,0.923334593,1.903462121,20.17000073,359.9180539,0.945
574,0.997074911,0.92581683,1.903462121,20.17000073,359.9180539,0.94735
584,0.997557988,0.92826177,1.903462121,20.17000073,359.9180539,0.949
594,0.997693591,0.930651467,1.903462121,20.17000073,359.9180539,0.95085
604,0.998031037,0.932709386,1.903462121,20.17000073,359.9180539,0.95255
614,0.998220584,0.935533865,1.903462121,20.17000073,359.9180539,0.95415
624,0.998402046,0.937329853,1.903462121,20.17000073,359.9180539,0.9557
634,0.998440997,0.939397655,1.903462121,20.17000073,359.9180539,0.95715
644,0.998479947,0.941393155,1.903462121,20.17000073,359.9180539,0.9585
654,0.998572033,0.944273153,1.903462121,20.17000073,359.9180539,0.95985
664,0.998838575,0.946356189,1.903462121,20.17000073,359.9180539,0.96155
674,0.998901996,0.948617713,1.903462121,20.17000073,359.9180539,0.96335
684,0.998920053,0.950261646,1.903462121,20.17000073,359.9180539,0.9646
694,0.99893811,0.951813167,1.903462121,20.17000073,359.9180539,0.96595
704,0.998956167,0.953431175,1.903462121,20.17000073,359.9180539,0.96705
714,0.998974224,0.954351305,1.903462121,20.17000073,359.9180539,0.96775
724,0.99899228,0.956121956,1.903462121,20.17000073,359.9180539,0.96885
734,0.999158858,0.957553196,1.903462121,20.17000073,359.9180539,0.97005
744,0.999319848,0.958793472,1.903462121,20.17000073,359.9180539,0.97125
754,0.999344367,0.959639936,1.903462121,20.17000073,359.9180539,0.9722
764,0.999368886,0.960940425,1.903462121,20.17000073,359.9180539,0.9731
774,0.999393404,0.962081562,1.903462121,20.17000073,359.9180539,0.97395
784,0.999415769,0.963398385,1.903462121,20.17000073,359.9180539,0.9749
794,0.999437342,0.964371538,1.903462121,20.17000073,359.9180539,0.975825
804,0.999458915,0.966560678,1.903462121,20.17000073,359.9180539,0.9767
814,0.999480487,0.967617191,1.903462121,20.17000073,359.9180539,0.97765
824,0.999506277,0.968725868,1.903462121,20.17000073,359.9180539,0.9784
834,0.999572021,0.969858766,1.903462121,20.17000073,359.9180539,0.9789
844,0.999604096,0.970574167,1.903462121,20.17000073,359.9180539,0.97965
854,0.999611227,0.971654901,1.903462121,20.17000073,359.9180539,0.98035
864,0.999618358,0.972894007,1.903462121,20.17000073,359.9180539,0.9809
874,0.999625489,0.973442156,1.903462121,20.17000073,359.9180539,0.9815
884,0.99963262,0.974195945,1.903462121,20.17000073,359.9180539,0.9819625
894,0.999639751,0.974991198,1.903462121,20.17000073,359.9180539,0.9823
904,0.999646883,0.976188075,1.903462121,20.17000073,359.9180539,0.98295
914,0.999654014,0.977065165,1.903462121,20.17000073,359.9180539,0.98365
924,0.999661145,0.978131726,1.903462121,20.17000073,359.9180539,0.984166667
934,0.999668276,0.978955106,1.903462121,20.17000073,359.9180539,0.984466667
944,0.999675407,0.979307164,1.903462121,20.17000073,359.9180539,0.985
954,0.999682538,0.979916635,1.903462121,20.17000073,359.9180539,0.985525
964,0.999689669,0.98053263,1.903462121,20.17000073,359.9180539,0.986
974,0.9996968,0.981076376,1.903462121,20.17000073,359.9180539,0.9865
984,0.999713888,0.982198903,1.903462121,20.17000073,359.9180539,0.98705
994,0.999739082,0.98269973,1.903462121,20.17000073,359.9180539,0.987333333
4,3.32E-01,0.295162548,1.125233516,91.67594346,478.1877688,0.1862
14,0.534771489,0.586898984,1.125233516,91.67594346,478.1877688,0.4031
24,0.596815088,0.609155074,1.125233516,91.67594346,478.1877688,0.4668
34,0.650540476,0.626084829,1.125233516,91.67594346,478.1877688,0.5166
44,0.692521703,0.646338759,1.125233516,91.67594346,478.1877688,0.5572
54,0.728106087,0.66820209,1.125233516,91.67594346,478.1877688,0.5941
64,0.757731613,0.691046691,1.125233516,91.67594346,478.1877688,0.6243
74,0.78095055,0.714764252,1.125233516,91.67594346,478.1877688,0.6521
84,0.800069695,0.732194389,1.125233516,91.67594346,478.1877688,0.6758
94,0.813348589,0.751230697,1.125233516,91.67594346,478.1877688,0.6949
104,0.826801408,0.769850432,1.125233516,91.67594346,478.1877688,0.71355
114,0.839382852,0.785032225,1.125233516,91.67594346,478.1877688,0.73015
124,0.850141869,0.801759893,1.125233516,91.67594346,478.1877688,0.746
134,0.860230025,0.814572575,1.125233516,91.67594346,478.1877688,0.76065
144,0.867228291,0.825130373,1.125233516,91.67594346,478.1877688,0.77375
154,0.874359017,0.836009594,1.125233516,91.67594346,478.1877688,0.7853
164,0.881261762,0.845807037,1.125233516,91.67594346,478.1877688,0.79595
174,0.887554858,0.856420058,1.125233516,91.67594346,478.1877688,0.8073
184,0.894297039,0.864944221,1.125233516,91.67594346,478.1877688,0.817
194,0.897797796,0.873082359,1.125233516,91.67594346,478.1877688,0.82525
204,0.902186197,0.8801356,1.125233516,91.67594346,478.1877688,0.8329
214,0.907455994,0.88684667,1.125233516,91.67594346,478.1877688,0.8416
224,0.912415314,0.892774068,1.125233516,91.67594346,478.1877688,0.84965
234,0.916637398,0.8988773,1.125233516,91.67594346,478.1877688,0.85685
244,0.920630178,0.903759284,1.125233516,91.67594346,478.1877688,0.8632
254,0.924850804,0.909547402,1.125233516,91.67594346,478.1877688,0.86955
264,0.928631139,0.913299627,1.125233516,91.67594346,478.1877688,0.87535
274,0.931776927,0.917858988,1.125233516,91.67594346,478.1877688,0.8808
284,0.934987746,0.922120496,1.125233516,91.67594346,478.1877688,0.8862
294,0.938496404,0.925801303,1.125233516,91.67594346,478.1877688,0.8916
304,0.941662087,0.92854954,1.125233516,91.67594346,478.1877688,0.89645
314,0.944907046,0.930574335,1.125233516,91.67594346,478.1877688,0.9014
324,0.94725933,0.934776003,1.125233516,91.67594346,478.1877688,0.9053
334,0.949479741,0.937960458,1.125233516,91.67594346,478.1877688,0.9095
344,0.952633694,0.941746853,1.125233516,91.67594346,478.1877688,0.91415
354,0.953659056,0.944433786,1.125233516,91.67594346,478.1877688,0.917
364,0.956759197,0.946675927,1.125233516,91.67594346,478.1877688,0.92095
374,0.958468995,0.948668138,1.125233516,91.67594346,478.1877688,0.924
384,0.960056395,0.950661815,1.125233516,91.67594346,478.1877688,0.92645
394,0.96215906,0.952945234,1.125233516,91.67594346,478.1877688,0.9295
404,0.964299777,0.954619641,1.125233516,91.67594346,478.1877688,0.93285
414,0.966856265,0.95660016,1.125233516,91.67594346,478.1877688,0.9367
424,0.968508602,0.95854806,1.125233516,91.67594346,478.1877688,0.9397
434,0.97097302,0.96005492,1.125233516,91.67594346,478.1877688,0.94265
444,0.971998884,0.960654417,1.125233516,91.67594346,478.1877688,0.94495
454,0.973333677,0.962786082,1.125233516,91.67594346,478.1877688,0.9468
464,0.974771772,0.96416294,1.125233516,91.67594346,478.1877688,0.9491
474,0.976250188,0.965516808,1.125233516,91.67594346,478.1877688,0.9518
484,0.977424881,0.967464216,1.125233516,91.67594346,478.1877688,0.9542
494,0.978867252,0.968552017,1.125233516,91.67594346,478.1877688,0.9562
504,0.979269149,0.969721911,1.125233516,91.67594346,478.1877688,0.9577
514,0.980452009,0.971253964,1.125233516,91.67594346,478.1877688,0.95965
524,0.981229598,0.972750157,1.125233516,91.67594346,478.1877688,0.961625
534,0.982285358,0.974284127,1.125233516,91.67594346,478.1877688,0.96335
544,0.983226154,0.975123994,1.125233516,91.67594346,478.1877688,0.96515
554,0.983876961,0.975779086,1.125233516,91.67594346,478.1877688,0.96645
564,0.984291646,0.976458836,1.125233516,91.67594346,478.1877688,0.96755
574,0.98531688,0.977218229,1.125233516,91.67594346,478.1877688,0.9691
584,0.985883428,0.978675111,1.125233516,91.67594346,478.1877688,0.97045
594,0.986519902,0.979230474,1.125233516,91.67594346,478.1877688,0.97155
604,0.987152763,0.980163969,1.125233516,91.67594346,478.1877688,0.9727
614,0.988006577,0.980536881,1.125233516,91.67594346,478.1877688,0.97395
624,0.988180481,0.98125911,1.125233516,91.67594346,478.1877688,0.9749
634,0.988667695,0.981644893,1.125233516,91.67594346,478.1877688,0.97565
644,0.989391309,0.98215812,1.125233516,91.67594346,478.1877688,0.9766
654,0.989844006,0.982733877,1.125233516,91.67594346,478.1877688,0.9773
664,0.990403814,0.983264024,1.125233516,91.67594346,478.1877688,0.97815
674,0.990771009,0.983983841,1.125233516,91.67594346,478.1877688,0.9789
684,0.991261495,0.984494044,1.125233516,91.67594346,478.1877688,0.97995
694,0.991723713,0.984851331,1.125233516,91.67594346,478.1877688,0.9809
704,0.992025561,0.985606392,1.125233516,91.67594346,478.1877688,0.98145
714,0.992337803,0.986411942,1.125233516,91.67594346,478.1877688,0.98195
724,0.992757549,0.987042908,1.125233516,91.67594346,478.1877688,0.9827
734,0.992868074,0.987554089,1.125233516,91.67594346,478.1877688,0.983175
744,0.993123042,0.988196665,1.125233516,91.67594346,478.1877688,0.983625
754,0.993354781,0.988422624,1.125233516,91.67594346,478.1877688,0.984133333
764,0.993909327,0.988485476,1.125233516,91.67594346,478.1877688,0.98485
774,0.994188751,0.988950743,1.125233516,91.67594346,478.1877688,0.985466667
784,0.994780813,0.989206089,1.125233516,91.67594346,478.1877688,0.98605
794,0.99488186,0.989425426,1.125233516,91.67594346,478.1877688,0.986525
804,0.995302083,0.989757236,1.125233516,91.67594346,478.1877688,0.9872
814,0.995434588,0.99018478,1.125233516,91.67594346,478.1877688,0.9876375
824,0.995532576,0.990473466,1.125233516,91.67594346,478.1877688,0.98805
834,0.995595332,0.990805948,1.125233516,91.67594346,478.1877688,0.9884
844,0.995643029,0.990861844,1.125233516,91.67594346,478.1877688,0.988775
854,0.995689517,0.99091875,1.125233516,91.67594346,478.1877688,0.9889
864,0.995908826,0.990977827,1.125233516,91.67594346,478.1877688,0.9891625
874,0.996118748,0.991165668,1.125233516,91.67594346,478.1877688,0.989425
884,0.996276199,0.991356714,1.125233516,91.67594346,478.1877688,0.989725
894,0.996334184,0.991811003,1.125233516,91.67594346,478.1877688,0.989916667
904,0.996378557,0.99267738,1.125233516,91.67594346,478.1877688,0.99021
914,0.996482028,0.992972495,1.125233516,91.67594346,478.1877688,0.990616667
924,0.996768739,0.993161166,1.125233516,91.67594346,478.1877688,0.99115
934,0.9970883,0.993302205,1.125233516,91.67594346,478.1877688,0.991525
944,0.997363011,0.993376463,1.125233516,91.67594346,478.1877688,0.99205
954,0.997568942,0.993483327,1.125233516,91.67594346,478.1877688,0.992375
964,0.997784078,0.993718473,1.125233516,91.67594346,478.1877688,0.9927
974,0.998075242,0.994029296,1.125233516,91.67594346,478.1877688,0.993075
984,0.998214882,0.994163229,1.125233516,91.67594346,478.1877688,0.993366667
994,0.998604137,0.994226621,1.125233516,91.67594346,478.1877688,0.994