Time,P1,P2,IM,Rec
4,0.248058236,0.196735718,1.7,0.149
5,0.269103342,0.226483051,1.7,0.164
6,0.283183305,0.246834983,1.7,0.175
7,0.293810031,0.260903432,1.7,0.185
8,0.302819621,0.270794514,1.7,0.194
9,0.311171422,0.277894081,1.7,0.197
10,0.319359541,0.283113946,1.7,0.203
11,0.327627007,0.287060157,1.7,0.214
12,0.336079992,0.290141143,1.7,0.223
13,0.344750246,0.292636212,1.7,0.227
14,0.353629927,0.294739075,1.7,0.237
15,0.362691282,0.296585794,1.7,0.238
16,0.371897814,0.298272974,1.7,0.24
17,0.381210573,0.299869791,1.7,0.246
18,0.390591613,0.301426069,1.7,0.253
19,0.400005781,0.302977778,1.7,0.256
20,0.409421543,0.304550855,1.7,0.261
21,0.418811237,0.306163871,1.7,0.263
22,0.428151017,0.307829946,1.7,0.268
23,0.437420618,0.30955812,1.7,0.273
24,0.44660304,0.311354365,1.7,0.28
25,0.455684203,0.313222326,1.7,0.283
26,0.464652605,0.315163881,1.7,0.287
27,0.473498989,0.317179562,1.7,0.298
28,0.482216044,0.319268876,1.7,0.301
29,0.490798131,0.321430555,1.7,0.307
30,0.499241041,0.323662745,1.7,0.314
31,0.507541784,0.325963157,1.7,0.32
32,0.515698397,0.328329189,1.7,0.324
33,0.523709787,0.330758009,1.7,0.328
34,0.531575588,0.333246637,1.7,0.331
35,0.539296042,0.335791999,1.7,0.336
36,0.546871894,0.338390975,1.7,0.34
37,0.554304307,0.341040433,1.7,0.345
38,0.561594779,0.343737257,1.7,0.354
39,0.568745088,0.346478374,1.7,0.363
40,0.57575723,0.349260766,1.7,0.366
41,0.582633374,0.352081489,1.7,0.374
42,0.589375825,0.354937677,1.7,0.379
43,0.595986988,0.357826556,1.7,0.385
44,0.602469344,0.360745443,1.7,0.392
45,0.608825419,0.363691755,1.7,0.397
46,0.615057773,0.366663007,1.7,0.402
47,0.621168976,0.369656818,1.7,0.406
48,0.627161602,0.372670903,1.7,0.413
49,0.633038209,0.375703082,1.7,0.42
50,0.638801339,0.378751272,1.7,0.425
51,0.644453501,0.381813486,1.7,0.426
52,0.649997173,0.384887835,1.7,0.431
53,0.655434794,0.387972518,1.7,0.436
54,0.660768757,0.391065829,1.7,0.438
55,0.666001413,0.394166144,1.7,0.442
56,0.671135061,0.397271928,1.7,0.448
57,0.676171955,0.400381724,1.7,0.451
58,0.681114294,0.403494152,1.7,0.456
59,0.685964228,0.406607911,1.7,0.46
60,0.690723855,0.409721769,1.7,0.464
61,0.695395222,0.412834564,1.7,0.471
62,0.699980326,0.415945198,1.7,0.474
63,0.70448111,0.41905264,1.7,0.476
64,0.708899471,0.422155916,1.7,0.487
65,0.713237254,0.42525411,1.7,0.489
66,0.717496258,0.428346364,1.7,0.49
67,0.721678233,0.431431868,1.7,0.492
68,0.725784885,0.434509864,1.7,0.495
69,0.729817873,0.437579642,1.7,0.5
70,0.733778813,0.440640536,1.7,0.507
71,0.737669279,0.443691924,1.7,0.509
72,0.741490801,0.446733223,1.7,0.512
73,0.745244871,0.449763891,1.7,0.514
74,0.748932941,0.45278342,1.7,0.519
75,0.752556425,0.45579134,1.7,0.522
76,0.756116698,0.458787212,1.7,0.526
77,0.759615102,0.461770629,1.7,0.532
78,0.763052943,0.464741214,1.7,0.537
79,0.766431492,0.467698618,1.7,0.541
80,0.769751989,0.470642519,1.7,0.545
81,0.77301564,0.473572619,1.7,0.548
82,0.776223623,0.476488646,1.7,0.551
83,0.779377084,0.479390349,1.7,0.554
84,0.782477141,0.482277499,1.7,0.555
85,0.785524882,0.485149888,1.7,0.56
86,0.788521371,0.488007325,1.7,0.563
87,0.791467644,0.49084964,1.7,0.566
88,0.79436471,0.493676679,1.7,0.569
89,0.797213555,0.496488302,1.7,0.572
90,0.800015141,0.499284388,1.7,0.573
91,0.802770405,0.502064827,1.7,0.576
92,0.805480263,0.504829525,1.7,0.577
93,0.808145609,0.507578399,1.7,0.581
94,0.810767313,0.510311381,1.7,0.583
95,0.813346228,0.51302841,1.7,0.585
96,0.815883185,0.515729439,1.7,0.587
97,0.818378996,0.51841443,1.7,0.588
98,0.820834453,0.521083354,1.7,0.592
99,0.82325033,0.523736194,1.7,0.593
100,0.825627385,0.526372936,1.7,0.594
101,0.827966356,0.528993578,1.7,0.597
102,0.830267966,0.531598125,1.7,0.601
103,0.83253292,0.534186588,1.7,0.606
104,0.834761908,0.536758984,1.7,0.609
105,0.836955605,0.539315338,1.7,0.613
106,0.839114671,0.541855678,1.7,0.613
107,0.841239748,0.54438004,1.7,0.615
108,0.843331469,0.546888464,1.7,0.616
109,0.84539045,0.549380995,1.7,0.617
110,0.847417293,0.551857681,1.7,0.617
111,0.849412588,0.554318576,1.7,0.62
112,0.851376912,0.556763737,1.7,0.624
113,0.85331083,0.559193225,1.7,0.628
114,0.855214895,0.561607102,1.7,0.631
115,0.857089646,0.564005437,1.7,0.633
116,0.858935614,0.566388298,1.7,0.639
117,0.860753314,0.568755758,1.7,0.643
118,0.862543256,0.571107892,1.7,0.643
119,0.864305934,0.573444777,1.7,0.644
120,0.866041835,0.575766492,1.7,0.647
121,0.867751434,0.578073117,1.7,0.648
122,0.869435197,0.580364736,1.7,0.649
123,0.87109358,0.582641433,1.7,0.651
124,0.87272703,0.584903294,1.7,0.654
125,0.874335985,0.587150405,1.7,0.655
126,0.875920873,0.589382854,1.7,0.658
127,0.877482113,0.591600732,1.7,0.659
128,0.879020119,0.593804128,1.7,0.66
129,0.880535291,0.595993134,1.7,0.66
130,0.882028027,0.59816784,1.7,0.663
131,0.883498711,0.600328341,1.7,0.663
132,0.884947724,0.602474727,1.7,0.664
133,0.886375438,0.604607095,1.7,0.665
134,0.887782216,0.606725536,1.7,0.667
135,0.889168416,0.608830146,1.7,0.672
136,0.890534388,0.610921018,1.7,0.675
137,0.891880475,0.612998248,1.7,0.681
138,0.893207014,0.61506193,1.7,0.682
139,0.894514334,0.61711216,1.7,0.683
140,0.895802758,0.619149032,1.7,0.685
141,0.897072605,0.621172641,1.7,0.686
142,0.898324185,0.623183082,1.7,0.689
143,0.899557803,0.62518045,1.7,0.69
144,0.900773759,0.627164838,1.7,0.692
145,0.901972345,0.629136342,1.7,0.694
146,0.90315385,0.631095056,1.7,0.694
147,0.904318556,0.633041073,1.7,0.694
148,0.905466739,0.634974486,1.7,0.695
149,0.906598673,0.63689539,1.7,0.696
150,0.907714623,0.638803876,1.7,0.696
151,0.908814851,0.640700038,1.7,0.696
152,0.909899613,0.642583966,1.7,0.699
153,0.910969163,0.644455754,1.7,0.7
154,0.912023745,0.646315491,1.7,0.7
155,0.913063605,0.648163269,1.7,0.705
156,0.914088978,0.649999177,1.7,0.706
157,0.9151001,0.651823305,1.7,0.706
158,0.916097199,0.653635743,1.7,0.706
159,0.9170805,0.655436578,1.7,0.709
160,0.918050225,0.657225899,1.7,0.71
161,0.91900659,0.659003794,1.7,0.712
162,0.919949809,0.660770349,1.7,0.714
163,0.920880091,0.66252565,1.7,0.718
164,0.92179764,0.664269784,1.7,0.72
165,0.922702659,0.666002835,1.7,0.724
166,0.923595344,0.667724888,1.7,0.726
167,0.924475892,0.669436026,1.7,0.728
168,0.925344492,0.671136334,1.7,0.728
169,0.926201332,0.672825893,1.7,0.728
170,0.927046597,0.674504786,1.7,0.731
171,0.927880466,0.676173095,1.7,0.732
172,0.928703117,0.677830899,1.7,0.737
173,0.929514726,0.67947828,1.7,0.74
174,0.930315462,0.681115317,1.7,0.742
175,0.931105495,0.682742088,1.7,0.747
176,0.93188499,0.684358672,1.7,0.751
177,0.932654109,0.685965147,1.7,0.752
178,0.933413011,0.687561589,1.7,0.753
179,0.934161855,0.689148076,1.7,0.753
180,0.934900792,0.690724682,1.7,0.754
181,0.935629976,0.692291483,1.7,0.756
182,0.936349554,0.693848553,1.7,0.758
183,0.937059673,0.695395967,1.7,0.758
184,0.937760476,0.696933798,1.7,0.761
185,0.938452105,0.698462117,1.7,0.761
186,0.939134697,0.699980998,1.7,0.761
187,0.93980839,0.701490511,1.7,0.762
188,0.940473318,0.702990727,1.7,0.763
189,0.941129611,0.704481717,1.7,0.764
190,0.9417774,0.70596355,1.7,0.764
191,0.942416811,0.707436294,1.7,0.764
192,0.94304797,0.708900019,1.7,0.765
193,0.943670999,0.710354792,1.7,0.767
194,0.94428602,0.711800681,1.7,0.77
195,0.944893151,0.71323775,1.7,0.771
196,0.945492509,0.714666068,1.7,0.774
197,0.946084209,0.716085699,1.7,0.776
198,0.946668363,0.717496708,1.7,0.779
199,0.947245083,0.718899159,1.7,0.779
200,0.947814478,0.720293116,1.7,0.781
201,0.948376654,0.721678641,1.7,0.781
202,0.948931719,0.723055799,1.7,0.782
203,0.949479775,0.72442465,1.7,0.783
204,0.950020924,0.725785256,1.7,0.785
205,0.950555268,0.727137678,1.7,0.786
206,0.951082903,0.728481976,1.7,0.789
207,0.951603929,0.72981821,1.7,0.789
208,0.95211844,0.73114644,1.7,0.791
209,0.95262653,0.732466724,1.7,0.795
210,0.953128291,0.73377912,1.7,0.797
211,0.953623815,0.735083686,1.7,0.8
212,0.95411319,0.73638048,1.7,0.801
213,0.954596505,0.737669558,1.7,0.802
214,0.955073846,0.738950976,1.7,0.803
215,0.955545299,0.74022479,1.7,0.806
216,0.956010947,0.741491055,1.7,0.809
217,0.956470872,0.742749827,1.7,0.809
218,0.956925155,0.744001158,1.7,0.809
219,0.957373877,0.745245103,1.7,0.811
220,0.957817116,0.746481716,1.7,0.814
221,0.958254948,0.747711048,1.7,0.815
222,0.95868745,0.748933153,1.7,0.819
223,0.959114697,0.750148082,1.7,0.82
224,0.959536762,0.751355887,1.7,0.822
225,0.959953718,0.752556618,1.7,0.824
226,0.960365636,0.753750327,1.7,0.825
227,0.960772586,0.754937063,1.7,0.827
228,0.961174636,0.756116875,1.7,0.827
229,0.961571856,0.757289814,1.7,0.828
230,0.961964312,0.758455928,1.7,0.829
231,0.962352069,0.759615265,1.7,0.83
232,0.962735193,0.760767873,1.7,0.832
233,0.963113747,0.761913799,1.7,0.832
234,0.963487794,0.763053092,1.7,0.834
235,0.963857395,0.764185797,1.7,0.834
236,0.964222613,0.76531196,1.7,0.834
237,0.964583506,0.766431629,1.7,0.836
238,0.964940133,0.767544847,1.7,0.837
239,0.965292553,0.768651661,1.7,0.838
240,0.965640823,0.769752114,1.7,0.838
241,0.965984998,0.770846252,1.7,0.839
242,0.966325135,0.771934118,1.7,0.841
243,0.966661288,0.773015755,1.7,0.841
244,0.96699351,0.774091208,1.7,0.841
245,0.967321855,0.775160518,1.7,0.843
246,0.967646375,0.776223729,1.7,0.843
247,0.967967121,0.777280882,1.7,0.844
248,0.968284143,0.778332019,1.7,0.845
249,0.968597491,0.779377182,1.7,0.845
250,0.968907215,0.780416411,1.7,0.845
251,0.969213362,0.781449747,1.7,0.845
252,0.96951598,0.78247723,1.7,0.847
253,0.969815115,0.783498902,1.7,0.847
254,0.970110815,0.7845148,1.7,0.848
255,0.970403124,0.785524965,1.7,0.848
256,0.970692087,0.786529436,1.7,0.853
257,0.970977748,0.78752825,1.7,0.853
258,0.971260151,0.788521448,1.7,0.854
259,0.971539338,0.789509066,1.7,0.855
260,0.971815352,0.790491142,1.7,0.856
261,0.972088233,0.791467714,1.7,0.857
262,0.972358024,0.79243882,1.7,0.857
263,0.972624763,0.793404494,1.7,0.857
264,0.972888491,0.794364775,1.7,0.857
265,0.973149247,0.795319699,1.7,0.858
266,0.97340707,0.7962693,1.7,0.858
267,0.973661996,0.797213616,1.7,0.858
268,0.973914065,0.79815268,1.7,0.858
269,0.974163312,0.799086529,1.7,0.86
270,0.974409774,0.800015197,1.7,0.863
271,0.974653487,0.800938718,1.7,0.863
272,0.974894486,0.801857127,1.7,0.863
273,0.975132806,0.802770457,1.7,0.863
274,0.97536848,0.803678742,1.7,0.863
275,0.975601543,0.804582016,1.7,0.863
276,0.975832029,0.805480311,1.7,0.863
277,0.976059969,0.806373661,1.7,0.864
278,0.976285396,0.807262097,1.7,0.864
279,0.976508342,0.808145653,1.7,0.866
280,0.976728839,0.80902436,1.7,0.866
281,0.976946916,0.80989825,1.7,0.866
282,0.977162606,0.810767354,1.7,0.869
283,0.977375937,0.811631704,1.7,0.87
284,0.97758694,0.812491332,1.7,0.87
285,0.977795643,0.813346266,1.7,0.87
286,0.978002076,0.814196539,1.7,0.871
287,0.978206267,0.815042181,1.7,0.871
288,0.978408244,0.815883221,1.7,0.872
289,0.978608034,0.816719689,1.7,0.872
290,0.978805664,0.817551615,1.7,0.872
291,0.979001163,0.818379029,1.7,0.872
292,0.979194555,0.819201958,1.7,0.873
293,0.979385867,0.820020434,1.7,0.873
294,0.979575124,0.820834483,1.7,0.873
295,0.979762353,0.821644135,1.7,0.874
296,0.979947577,0.822449417,1.7,0.874
297,0.980130823,0.823250358,1.7,0.874
298,0.980312113,0.824046986,1.7,0.876
299,0.980491472,0.824839328,1.7,0.877
300,0.980668923,0.825627411,1.7,0.877
301,0.980844491,0.826411263,1.7,0.878
302,0.981018197,0.827190911,1.7,0.878
303,0.981190064,0.827966381,1.7,0.879
304,0.981360116,0.828737699,1.7,0.879
305,0.981528373,0.829504893,1.7,0.88
306,0.981694858,0.830267989,1.7,0.88
307,0.981859592,0.831027011,1.7,0.881
308,0.982022596,0.831781987,1.7,0.881
309,0.982183891,0.832532941,1.7,0.882
310,0.982343497,0.833279899,1.7,0.883
311,0.982501436,0.834022887,1.7,0.883
312,0.982657726,0.834761928,1.7,0.883
313,0.982812388,0.835497048,1.7,0.883
314,0.982965441,0.836228272,1.7,0.885
315,0.983116904,0.836955624,1.7,0.885
316,0.983266797,0.837679128,1.7,0.885
317,0.983415138,0.838398808,1.7,0.887
318,0.983561945,0.839114688,1.7,0.888
319,0.983707236,0.839826792,1.7,0.888
320,0.983851031,0.840535143,1.7,0.891
321,0.983993345,0.841239765,1.7,0.891
322,0.984134197,0.84194068,1.7,0.891
323,0.984273605,0.842637912,1.7,0.892
324,0.984411584,0.843331484,1.7,0.894
325,0.984548152,0.844021419,1.7,0.894
326,0.984683325,0.844707738,1.7,0.895
327,0.98481712,0.845390464,1.7,0.895
328,0.984949553,0.846069619,1.7,0.895
329,0.98508064,0.846745226,1.7,0.895
330,0.985210396,0.847417306,1.7,0.895
331,0.985338837,0.84808588,1.7,0.895
332,0.985465978,0.848750971,1.7,0.897
333,0.985591835,0.8494126,1.7,0.897
334,0.985716421,0.850070788,1.7,0.897
335,0.985839753,0.850725555,1.7,0.899
336,0.985961844,0.851376924,1.7,0.899
337,0.986082708,0.852024914,1.7,0.899
338,0.986202361,0.852669546,1.7,0.899
339,0.986320815,0.853310841,1.7,0.899
340,0.986438084,0.853948819,1.7,0.899
341,0.986554183,0.854583501,1.7,0.899
342,0.986669125,0.855214905,1.7,0.9
343,0.986782922,0.855843053,1.7,0.901
344,0.986895587,0.856467963,1.7,0.901
345,0.987007135,0.857089656,1.7,0.901
346,0.987117577,0.85770815,1.7,0.901
347,0.987226926,0.858323466,1.7,0.901
348,0.987335194,0.858935622,1.7,0.901
349,0.987442394,0.859544638,1.7,0.901
350,0.987548538,0.860150532,1.7,0.901
351,0.987653637,0.860753323,1.7,0.902
352,0.987757704,0.861353029,1.7,0.903
353,0.98786075,0.86194967,1.7,0.904
354,0.987962786,0.862543264,1.7,0.905
355,0.988063824,0.863133828,1.7,0.905
356,0.988163875,0.863721381,1.7,0.906
357,0.988262951,0.864305941,1.7,0.906
358,0.988361061,0.864887526,1.7,0.907
359,0.988458217,0.865466154,1.7,0.907
360,0.988554429,0.866041842,1.7,0.908
361,0.988649709,0.866614607,1.7,0.908
362,0.988744065,0.867184468,1.7,0.908
363,0.98883751,0.86775144,1.7,0.908
364,0.988930051,0.868315542,1.7,0.908
365,0.989021701,0.868876791,1.7,0.908
366,0.989112468,0.869435203,1.7,0.908
367,0.989202362,0.869990795,1.7,0.908
368,0.989291393,0.870543584,1.7,0.908
369,0.98937957,0.871093586,1.7,0.908
370,0.989466903,0.871640818,1.7,0.908
371,0.989553401,0.872185295,1.7,0.908
372,0.989639073,0.872727036,1.7,0.909
373,0.989723928,0.873266054,1.7,0.909
374,0.989807975,0.873802367,1.7,0.91
375,0.989891223,0.87433599,1.7,0.911
376,0.98997368,0.874866939,1.7,0.913
377,0.990055356,0.87539523,1.7,0.913
378,0.990136258,0.875920877,1.7,0.913
379,0.990216395,0.876443898,1.7,0.913
380,0.990295776,0.876964306,1.7,0.913
381,0.990374408,0.877482118,1.7,0.913
382,0.9904523,0.877997348,1.7,0.913
383,0.990529459,0.878510011,1.7,0.913
384,0.990605893,0.879020123,1.7,0.913
385,0.990681611,0.879527698,1.7,0.914
386,0.99075662,0.88003275,1.7,0.915
387,0.990830927,0.880535295,1.7,0.916
388,0.99090454,0.881035347,1.7,0.917
389,0.990977467,0.881532921,1.7,0.919
390,0.991049714,0.88202803,1.7,0.919
391,0.99112129,0.88252069,1.7,0.919
392,0.9911922,0.883010913,1.7,0.919
393,0.991262453,0.883498715,1.7,0.919
394,0.991332055,0.883984108,1.7,0.919
395,0.991401013,0.884467108,1.7,0.919
396,0.991469335,0.884947728,1.7,0.919
397,0.991537025,0.885425981,1.7,0.919
398,0.991604092,0.88590188,1.7,0.919
399,0.991670542,0.886375441,1.7,0.919
400,0.991736382,0.886846675,1.7,0.919
401,0.991801617,0.887315597,1.7,0.919
402,0.991866254,0.887782219,1.7,0.919
403,0.9919303,0.888246555,1.7,0.919
404,0.99199376,0.888708617,1.7,0.919
405,0.992056641,0.889168419,1.7,0.919
406,0.992118949,0.889625973,1.7,0.919
407,0.992180689,0.890081293,1.7,0.92
408,0.992241868,0.890534391,1.7,0.92
409,0.992302492,0.890985279,1.7,0.921
410,0.992362566,0.891433971,1.7,0.922
411,0.992422096,0.891880478,1.7,0.922
412,0.992481087,0.892324813,1.7,0.922
413,0.992539546,0.892766988,1.7,0.922
414,0.992597477,0.893207016,1.7,0.922
415,0.992654887,0.893644909,1.7,0.923
416,0.992711779,0.894080678,1.7,0.923
417,0.992768161,0.894514336,1.7,0.923
418,0.992824037,0.894945894,1.7,0.924
419,0.992879412,0.895375365,1.7,0.924
420,0.992934291,0.89580276,1.7,0.925
421,0.99298868,0.896228091,1.7,0.925
422,0.993042583,0.89665137,1.7,0.925
423,0.993096006,0.897072607,1.7,0.925
424,0.993148953,0.897491815,1.7,0.925
425,0.993201429,0.897909004,1.7,0.925
426,0.993253439,0.898324187,1.7,0.925
427,0.993304987,0.898737374,1.7,0.925
428,0.993356079,0.899148576,1.7,0.925
429,0.993406719,0.899557805,1.7,0.925
430,0.993456912,0.899965071,1.7,0.925
431,0.993506661,0.900370386,1.7,0.927
432,0.993555972,0.90077376,1.7,0.927
433,0.993604849,0.901175205,1.7,0.927
434,0.993653297,0.90157473,1.7,0.927
435,0.993701319,0.901972346,1.7,0.928
436,0.993748919,0.902368065,1.7,0.929
437,0.993796103,0.902761897,1.7,0.93
438,0.993842874,0.903153851,1.7,0.931
439,0.993889237,0.903543939,1.7,0.931
440,0.993935195,0.903932171,1.7,0.931
441,0.993980752,0.904318557,1.7,0.931
442,0.994025913,0.904703107,1.7,0.931
443,0.994070682,0.905085832,1.7,0.931
444,0.994115062,0.905466741,1.7,0.931
445,0.994159057,0.905845844,1.7,0.931
446,0.99420267,0.906223152,1.7,0.931
447,0.994245907,0.906598674,1.7,0.931
448,0.99428877,0.906972421,1.7,0.931
449,0.994331264,0.907344401,1.7,0.931
450,0.994373391,0.907714624,1.7,0.931
451,0.994415155,0.908083101,1.7,0.932
452,0.994456561,0.90844984,1.7,0.933
453,0.994497611,0.908814852,1.7,0.933
454,0.994538309,0.909178145,1.7,0.933
455,0.994578659,0.90953973,1.7,0.933
456,0.994618663,0.909899615,1.7,0.933
457,0.994658326,0.910257809,1.7,0.933
458,0.99469765,0.910614322,1.7,0.933
459,0.994736639,0.910969164,1.7,0.933
460,0.994775296,0.911322342,1.7,0.934
461,0.994813624,0.911673867,1.7,0.935
462,0.994851627,0.912023746,1.7,0.935
463,0.994889308,0.91237199,1.7,0.935
464,0.994926669,0.912718607,1.7,0.935
465,0.994963714,0.913063606,1.7,0.935
466,0.995000447,0.913406995,1.7,0.935
467,0.995036869,0.913748783,1.7,0.935
468,0.995072984,0.914088979,1.7,0.935
469,0.995108795,0.914427592,1.7,0.936
470,0.995144305,0.914764629,1.7,0.936
471,0.995179516,0.915100101,1.7,0.936
472,0.995214432,0.915434014,1.7,0.936
473,0.995249056,0.915766377,1.7,0.936
474,0.995283389,0.916097199,1.7,0.937
475,0.995317436,0.916426489,1.7,0.937
476,0.995351198,0.916754253,1.7,0.937
477,0.995384679,0.917080501,1.7,0.937
478,0.995417881,0.91740524,1.7,0.937
479,0.995450806,0.917728479,1.7,0.937
480,0.995483458,0.918050226,1.7,0.937
481,0.995515839,0.918370488,1.7,0.938
482,0.995547951,0.918689274,1.7,0.938
483,0.995579798,0.919006591,1.7,0.938
484,0.995611381,0.919322448,1.7,0.939
485,0.995642703,0.919636851,1.7,0.939
486,0.995673766,0.91994981,1.7,0.939
487,0.995704574,0.920261331,1.7,0.939
488,0.995735128,0.920571422,1.7,0.939
489,0.99576543,0.920880091,1.7,0.939
490,0.995795484,0.921187346,1.7,0.939
491,0.995825291,0.921493193,1.7,0.94
492,0.995854854,0.921797641,1.7,0.94
493,0.995884174,0.922100696,1.7,0.94
494,0.995913255,0.922402366,1.7,0.94
495,0.995942099,0.922702659,1.7,0.941
496,0.995970707,0.923001582,1.7,0.941
497,0.995999082,0.923299141,1.7,0.941
498,0.996027227,0.923595345,1.7,0.941
499,0.996055142,0.9238902,1.7,0.941
500,0.996082831,0.924183714,1.7,0.941
501,0.996110295,0.924475893,1.7,0.941
502,0.996137537,0.924766744,1.7,0.941
503,0.996164558,0.925056275,1.7,0.941
504,0.996191361,0.925344493,1.7,0.941
505,0.996217947,0.925631404,1.7,0.941
506,0.996244319,0.925917015,1.7,0.941
507,0.996270479,0.926201333,1.7,0.941
508,0.996296428,0.926484365,1.7,0.941
509,0.996322169,0.926766117,1.7,0.942
510,0.996347702,0.927046597,1.7,0.942
511,0.996373032,0.927325811,1.7,0.942
512,0.996398158,0.927603765,1.7,0.942
513,0.996423083,0.927880466,1.7,0.942
514,0.996447809,0.928155921,1.7,0.942
515,0.996472338,0.928430136,1.7,0.942
516,0.996496671,0.928703118,1.7,0.942
517,0.99652081,0.928974872,1.7,0.942
518,0.996544757,0.929245406,1.7,0.942
519,0.996568514,0.929514726,1.7,0.943
520,0.996592082,0.929782838,1.7,0.943
521,0.996615463,0.930049748,1.7,0.943
522,0.99663866,0.930315462,1.7,0.943
523,0.996661672,0.930579988,1.7,0.944
524,0.996684503,0.93084333,1.7,0.944
525,0.996707153,0.931105495,1.7,0.944
526,0.996729625,0.93136649,1.7,0.945
527,0.99675192,0.931626319,1.7,0.945
528,0.99677404,0.93188499,1.7,0.945
529,0.996795985,0.932142508,1.7,0.945
530,0.996817759,0.932398879,1.7,0.946
531,0.996839361,0.932654109,1.7,0.946
532,0.996860794,0.932908204,1.7,0.946
533,0.99688206,0.93316117,1.7,0.947
534,0.996903159,0.933413012,1.7,0.947
535,0.996924094,0.933663736,1.7,0.947
536,0.996944865,0.933913349,1.7,0.947
537,0.996965474,0.934161855,1.7,0.948
538,0.996985924,0.934409261,1.7,0.948
539,0.997006214,0.934655571,1.7,0.948
540,0.997026346,0.934900793,1.7,0.948
541,0.997046322,0.93514493,1.7,0.948
542,0.997066144,0.93538799,1.7,0.948
543,0.997085812,0.935629976,1.7,0.948
544,0.997105328,0.935870896,1.7,0.948
545,0.997124693,0.936110753,1.7,0.948
546,0.997143909,0.936349554,1.7,0.948
547,0.997162977,0.936587305,1.7,0.949
548,0.997181898,0.936824009,1.7,0.949
549,0.997200673,0.937059673,1.7,0.949
550,0.997219304,0.937294302,1.7,0.949
551,0.997237792,0.937527902,1.7,0.95
552,0.997256139,0.937760476,1.7,0.951
553,0.997274345,0.937992032,1.7,0.951
554,0.997292411,0.938222573,1.7,0.951
555,0.99731034,0.938452105,1.7,0.951
556,0.997328131,0.938680633,1.7,0.951
557,0.997345787,0.938908162,1.7,0.951
558,0.997363309,0.939134698,1.7,0.951
559,0.997380697,0.939360244,1.7,0.952
560,0.997397953,0.939584807,1.7,0.952
561,0.997415078,0.939808391,1.7,0.952
562,0.997432073,0.940031001,1.7,0.952
563,0.997448939,0.940252641,1.7,0.952
564,0.997465678,0.940473318,1.7,0.952
565,0.99748229,0.940693035,1.7,0.952
566,0.997498776,0.940911798,1.7,0.952
567,0.997515138,0.941129611,1.7,0.952
568,0.997531377,0.941346479,1.7,0.952
569,0.997547494,0.941562407,1.7,0.952
570,0.997563489,0.9417774,1.7,0.952
571,0.997579364,0.941991462,1.7,0.952
572,0.99759512,0.942204597,1.7,0.952
573,0.997610757,0.942416811,1.7,0.952
574,0.997626278,0.942628108,1.7,0.952
575,0.997641682,0.942838493,1.7,0.952
576,0.997656972,0.94304797,1.7,0.952
577,0.997672147,0.943256544,1.7,0.952
578,0.997687208,0.943464219,1.7,0.952
579,0.997702158,0.943670999,1.7,0.953
580,0.997716996,0.94387689,1.7,0.953
581,0.997731724,0.944081896,1.7,0.953
582,0.997746343,0.94428602,1.7,0.953
583,0.997760853,0.944489268,1.7,0.953
584,0.997775255,0.944691644,1.7,0.953
585,0.997789551,0.944893151,1.7,0.953
586,0.997803741,0.945093795,1.7,0.953
587,0.997817826,0.94529358,1.7,0.953
588,0.997831807,0.945492509,1.7,0.955
589,0.997845685,0.945690588,1.7,0.955
590,0.99785946,0.945887819,1.7,0.955
591,0.997873135,0.946084209,1.7,0.955
592,0.997886708,0.94627976,1.7,0.955
593,0.997900182,0.946474476,1.7,0.956
594,0.997913557,0.946668363,1.7,0.956
595,0.997926834,0.946861424,1.7,0.956
596,0.997940014,0.947053662,1.7,0.956
597,0.997953097,0.947245083,1.7,0.957
598,0.997966085,0.94743569,1.7,0.957
599,0.997978977,0.947625487,1.7,0.957
600,0.997991776,0.947814478,1.7,0.958
601,0.998004481,0.948002667,1.7,0.958
602,0.998017094,0.948190058,1.7,0.958
603,0.998029615,0.948376654,1.7,0.958
604,0.998042046,0.948562461,1.7,0.958
605,0.998054386,0.948747481,1.7,0.958
606,0.998066636,0.948931719,1.7,0.958
607,0.998078798,0.949115178,1.7,0.958
608,0.998090871,0.949297862,1.7,0.959
609,0.998102858,0.949479775,1.7,0.959
610,0.998114757,0.94966092,1.7,0.959
611,0.998126571,0.949841302,1.7,0.959
612,0.9981383,0.950020924,1.7,0.959
613,0.998149944,0.95019979,1.7,0.959
614,0.998161505,0.950377903,1.7,0.96
615,0.998172982,0.950555268,1.7,0.96
616,0.998184377,0.950731887,1.7,0.96
617,0.99819569,0.950907764,1.7,0.96
618,0.998206922,0.951082904,1.7,0.96
619,0.998218074,0.951257308,1.7,0.961
620,0.998229146,0.951430982,1.7,0.961
621,0.998240139,0.951603929,1.7,0.961
622,0.998251053,0.951776152,1.7,0.962
623,0.99826189,0.951947654,1.7,0.962
624,0.998272649,0.95211844,1.7,0.963
625,0.998283332,0.952288512,1.7,0.964
626,0.998293939,0.952457874,1.7,0.964
627,0.99830447,0.95262653,1.7,0.965
628,0.998314927,0.952794482,1.7,0.965
629,0.998325309,0.952961735,1.7,0.965
630,0.998335618,0.953128291,1.7,0.965
631,0.998345854,0.953294154,1.7,0.965
632,0.998356018,0.953459328,1.7,0.966
633,0.998366109,0.953623815,1.7,0.966
634,0.99837613,0.953787619,1.7,0.966
635,0.99838608,0.953950743,1.7,0.966
636,0.99839596,0.95411319,1.7,0.966
637,0.99840577,0.954274964,1.7,0.966
638,0.998415512,0.954436068,1.7,0.966
639,0.998425185,0.954596505,1.7,0.966
640,0.99843479,0.954756278,1.7,0.966
641,0.998444328,0.954915391,1.7,0.966
642,0.998453799,0.955073846,1.7,0.966
643,0.998463203,0.955231647,1.7,0.966
644,0.998472543,0.955388797,1.7,0.966
645,0.998481816,0.955545299,1.7,0.966
646,0.998491025,0.955701156,1.7,0.967
647,0.99850017,0.955856371,1.7,0.967
648,0.998509252,0.956010947,1.7,0.967
649,0.99851827,0.956164887,1.7,0.967
650,0.998527225,0.956318194,1.7,0.967
651,0.998536118,0.956470872,1.7,0.967
652,0.99854495,0.956622922,1.7,0.967
653,0.99855372,0.956774349,1.7,0.967
654,0.99856243,0.956925155,1.7,0.967
655,0.998571079,0.957075343,1.7,0.967
656,0.998579669,0.957224916,1.7,0.967
657,0.998588199,0.957373877,1.7,0.967
658,0.99859667,0.957522229,1.7,0.967
659,0.998605083,0.957669974,1.7,0.967
660,0.998613439,0.957817116,1.7,0.967
661,0.998621736,0.957963657,1.7,0.967
662,0.998629977,0.9581096,1.7,0.967
663,0.998638161,0.958254948,1.7,0.968
664,0.998646289,0.958399704,1.7,0.969
665,0.998654361,0.95854387,1.7,0.969
666,0.998662378,0.95868745,1.7,0.969
667,0.99867034,0.958830446,1.7,0.969
668,0.998678248,0.958972861,1.7,0.97
669,0.998686101,0.959114697,1.7,0.97
670,0.998693901,0.959255958,1.7,0.97
671,0.998701648,0.959396645,1.7,0.97
672,0.998709342,0.959536762,1.7,0.97
673,0.998716984,0.959676312,1.7,0.97
674,0.998724574,0.959815296,1.7,0.97
675,0.998732112,0.959953718,1.7,0.97
676,0.9987396,0.96009158,1.7,0.97
677,0.998747036,0.960228885,1.7,0.97
678,0.998754422,0.960365636,1.7,0.97
679,0.998761758,0.960501834,1.7,0.97
680,0.998769045,0.960637483,1.7,0.97
681,0.998776282,0.960772586,1.7,0.97
682,0.998783471,0.960907143,1.7,0.97
683,0.998790611,0.96104116,1.7,0.97
684,0.998797703,0.961174636,1.7,0.97
685,0.998804747,0.961307576,1.7,0.97
686,0.998811744,0.961439982,1.7,0.97
687,0.998818694,0.961571856,1.7,0.97
688,0.998825597,0.961703201,1.7,0.97
689,0.998832454,0.961834018,1.7,0.97
690,0.998839265,0.961964312,1.7,0.97
691,0.99884603,0.962094083,1.7,0.97
692,0.99885275,0.962223335,1.7,0.97
693,0.998859426,0.962352069,1.7,0.97
694,0.998866056,0.962480289,1.7,0.97
695,0.998872643,0.962607996,1.7,0.97
696,0.998879185,0.962735193,1.7,0.97
697,0.998885684,0.962861882,1.7,0.97
698,0.99889214,0.962988066,1.7,0.971
699,0.998898553,0.963113747,1.7,0.971
700,0.998904924,0.963238927,1.7,0.971
701,0.998911252,0.963363608,1.7,0.971
702,0.998917538,0.963487794,1.7,0.971
703,0.998923782,0.963611485,1.7,0.971
704,0.998929986,0.963734685,1.7,0.971
705,0.998936148,0.963857395,1.7,0.972
706,0.998942269,0.963979619,1.7,0.973
707,0.99894835,0.964101357,1.7,0.973
708,0.998954391,0.964222613,1.7,0.973
709,0.998960393,0.964343388,1.7,0.973
710,0.998966354,0.964463685,1.7,0.973
711,0.998972277,0.964583506,1.7,0.973
712,0.998978161,0.964702853,1.7,0.973
713,0.998984006,0.964821728,1.7,0.973
714,0.998989812,0.964940133,1.7,0.973
715,0.998995581,0.965058071,1.7,0.973
716,0.999001312,0.965175544,1.7,0.973
717,0.999007005,0.965292553,1.7,0.973
718,0.999012661,0.965409101,1.7,0.973
719,0.999018281,0.96552519,1.7,0.973
720,0.999023863,0.965640823,1.7,0.975
721,0.99902941,0.965756,1.7,0.975
722,0.99903492,0.965870724,1.7,0.975
723,0.999040394,0.965984998,1.7,0.975
724,0.999045833,0.966098823,1.7,0.975
725,0.999051236,0.966212201,1.7,0.975
726,0.999056604,0.966325135,1.7,0.975
727,0.999061938,0.966437626,1.7,0.975
728,0.999067237,0.966549676,1.7,0.975
729,0.999072501,0.966661288,1.7,0.975
730,0.999077732,0.966772463,1.7,0.975
731,0.999082928,0.966883203,1.7,0.975
732,0.999088092,0.96699351,1.7,0.976
733,0.999093222,0.967103387,1.7,0.977
734,0.999098318,0.967212835,1.7,0.977
735,0.999103382,0.967321855,1.7,0.977
736,0.999108414,0.967430451,1.7,0.977
737,0.999113413,0.967538624,1.7,0.978
738,0.99911838,0.967646375,1.7,0.978
739,0.999123315,0.967753707,1.7,0.978
740,0.999128218,0.967860622,1.7,0.978
741,0.99913309,0.967967121,1.7,0.978
742,0.999137931,0.968073206,1.7,0.978
743,0.999142741,0.968178879,1.7,0.978
744,0.99914752,0.968284143,1.7,0.978
745,0.999152269,0.968388998,1.7,0.978
746,0.999156987,0.968493447,1.7,0.978
747,0.999161675,0.968597491,1.7,0.978
748,0.999166334,0.968701133,1.7,0.978
749,0.999170963,0.968804373,1.7,0.978
750,0.999175562,0.968907215,1.7,0.978
751,0.999180132,0.969009659,1.7,0.978
752,0.999184673,0.969111707,1.7,0.978
753,0.999189185,0.969213362,1.7,0.978
754,0.999193669,0.969314624,1.7,0.978
755,0.999198124,0.969415496,1.7,0.978
756,0.999202551,0.96951598,1.7,0.978
757,0.999206951,0.969616076,1.7,0.979
758,0.999211322,0.969715788,1.7,0.979
759,0.999215666,0.969815115,1.7,0.979
760,0.999219982,0.969914061,1.7,0.979
761,0.999224271,0.970012628,1.7,0.979
762,0.999228533,0.970110815,1.7,0.98
763,0.999232769,0.970208626,1.7,0.98
764,0.999236977,0.970306062,1.7,0.98
765,0.99924116,0.970403124,1.7,0.98
766,0.999245316,0.970499815,1.7,0.98
767,0.999249446,0.970596135,1.7,0.98
768,0.99925355,0.970692087,1.7,0.98
769,0.999257628,0.970787672,1.7,0.98
770,0.999261681,0.970882892,1.7,0.981
771,0.999265709,0.970977748,1.7,0.981
772,0.999269712,0.971072243,1.7,0.981
773,0.999273689,0.971166376,1.7,0.981
774,0.999277642,0.971260151,1.7,0.981
775,0.99928157,0.971353569,1.7,0.981
776,0.999285474,0.971446631,1.7,0.981
777,0.999289353,0.971539338,1.7,0.981
778,0.999293208,0.971631693,1.7,0.981
779,0.99929704,0.971723697,1.7,0.981
780,0.999300847,0.971815352,1.7,0.981
781,0.999304631,0.971906658,1.7,0.983
782,0.999308392,0.971997618,1.7,0.983
783,0.999312129,0.972088233,1.7,0.983
784,0.999315843,0.972178505,1.7,0.983
785,0.999319535,0.972268435,1.7,0.983
786,0.999323203,0.972358024,1.7,0.983
787,0.999326849,0.972447274,1.7,0.983
788,0.999330472,0.972536186,1.7,0.983
789,0.999334074,0.972624763,1.7,0.983
790,0.999337652,0.972713005,1.7,0.983
791,0.999341209,0.972800914,1.7,0.983
792,0.999344744,0.972888491,1.7,0.983
793,0.999348258,0.972975738,1.7,0.983
794,0.99935175,0.973062656,1.7,0.984
795,0.99935522,0.973149247,1.7,0.984
796,0.999358669,0.973235512,1.7,0.984
797,0.999362097,0.973321452,1.7,0.986
798,0.999365505,0.97340707,1.7,0.986
799,0.999368891,0.973492365,1.7,0.986
800,0.999372256,0.97357734,1.7,0.986
801,0.999375602,0.973661996,1.7,0.986
802,0.999378926,0.973746335,1.7,0.986
803,0.999382231,0.973830357,1.7,0.986
804,0.999385515,0.973914065,1.7,0.987
805,0.99938878,0.973997459,1.7,0.987
806,0.999392024,0.974080541,1.7,0.987
807,0.999395249,0.974163312,1.7,0.987
808,0.999398455,0.974245774,1.7,0.987
809,0.999401641,0.974327928,1.7,0.987
810,0.999404807,0.974409774,1.7,0.987
811,0.999407955,0.974491316,1.7,0.987
812,0.999411083,0.974572553,1.7,0.987
813,0.999414193,0.974653487,1.7,0.987
814,0.999417283,0.97473412,1.7,0.987
815,0.999420356,0.974814452,1.7,0.987
816,0.999423409,0.974894486,1.7,0.988
817,0.999426445,0.974974222,1.7,0.988
818,0.999429462,0.975053661,1.7,0.988
819,0.99943246,0.975132806,1.7,0.988
820,0.999435441,0.975211656,1.7,0.988
821,0.999438404,0.975290214,1.7,0.988
822,0.999441349,0.97536848,1.7,0.988
823,0.999444277,0.975446456,1.7,0.988
824,0.999447187,0.975524144,1.7,0.988
825,0.999450079,0.975601543,1.7,0.988
826,0.999452955,0.975678657,1.7,0.988
827,0.999455813,0.975755485,1.7,0.988
828,0.999458654,0.975832029,1.7,0.988
829,0.999461478,0.97590829,1.7,0.988
830,0.999464285,0.97598427,1.7,0.988
831,0.999467076,0.976059969,1.7,0.988
832,0.99946985,0.976135389,1.7,0.988
833,0.999472607,0.976210531,1.7,0.988
834,0.999475348,0.976285396,1.7,0.988
835,0.999478073,0.976359985,1.7,0.988
836,0.999480782,0.9764343,1.7,0.988
837,0.999483474,0.976508342,1.7,0.988
838,0.999486151,0.976582112,1.7,0.988
839,0.999488812,0.97665561,1.7,0.988
840,0.999491457,0.976728839,1.7,0.988
841,0.999494086,0.976801798,1.7,0.988
842,0.9994967,0.976874491,1.7,0.988
843,0.999499298,0.976946916,1.7,0.988
844,0.999501881,0.977019077,1.7,0.988
845,0.999504449,0.977090973,1.7,0.988
846,0.999507002,0.977162606,1.7,0.988
847,0.99950954,0.977233977,1.7,0.988
848,0.999512063,0.977305087,1.7,0.988
849,0.999514571,0.977375937,1.7,0.988
850,0.999517064,0.977446529,1.7,0.988
851,0.999519543,0.977516863,1.7,0.988
852,0.999522007,0.97758694,1.7,0.988
853,0.999524456,0.977656762,1.7,0.988
854,0.999526892,0.977726329,1.7,0.988
855,0.999529313,0.977795643,1.7,0.988
856,0.99953172,0.977864705,1.7,0.988
857,0.999534113,0.977933516,1.7,0.988
858,0.999536492,0.978002076,1.7,0.988
859,0.999538857,0.978070388,1.7,0.988
860,0.999541208,0.978138451,1.7,0.988
861,0.999543546,0.978206267,1.7,0.988
862,0.99954587,0.978273837,1.7,0.988
863,0.999548181,0.978341162,1.7,0.988
864,0.999550478,0.978408244,1.7,0.988
865,0.999552761,0.978475082,1.7,0.988
866,0.999555032,0.978541678,1.7,0.988
867,0.999557289,0.978608034,1.7,0.988
868,0.999559534,0.978674149,1.7,0.988
869,0.999561765,0.978740026,1.7,0.988
870,0.999563983,0.978805664,1.7,0.988
871,0.999566189,0.978871066,1.7,0.988
872,0.999568382,0.978936232,1.7,0.988
873,0.999570562,0.979001163,1.7,0.988
874,0.99957273,0.979065859,1.7,0.988
875,0.999574885,0.979130323,1.7,0.989
876,0.999577028,0.979194555,1.7,0.989
877,0.999579158,0.979258555,1.7,0.989
878,0.999581276,0.979322325,1.7,0.989
879,0.999583382,0.979385867,1.7,0.989
880,0.999585476,0.979449179,1.7,0.989
881,0.999587558,0.979512265,1.7,0.989
882,0.999589628,0.979575124,1.7,0.989
883,0.999591686,0.979637758,1.7,0.989
884,0.999593733,0.979700167,1.7,0.99
885,0.999595767,0.979762353,1.7,0.99
886,0.99959779,0.979824316,1.7,0.99
887,0.999599802,0.979886057,1.7,0.99
888,0.999601802,0.979947577,1.7,0.99
889,0.99960379,0.980008878,1.7,0.99
890,0.999605768,0.980069959,1.7,0.99
891,0.999607734,0.980130823,1.7,0.99
892,0.999609689,0.980191469,1.7,0.99
893,0.999611632,0.980251898,1.7,0.99
894,0.999613565,0.980312113,1.7,0.99
895,0.999615487,0.980372112,1.7,0.99
896,0.999617397,0.980431899,1.7,0.99
897,0.999619297,0.980491472,1.7,0.99
898,0.999621187,0.980550833,1.7,0.99
899,0.999623065,0.980609983,1.7,0.99
900,0.999624933,0.980668923,1.7,0.99
901,0.99962679,0.980727654,1.7,0.99
902,0.999628637,0.980786176,1.7,0.99
903,0.999630474,0.980844491,1.7,0.99
904,0.9996323,0.980902598,1.7,0.99
905,0.999634116,0.9809605,1.7,0.99
906,0.999635921,0.981018197,1.7,0.99
907,0.999637717,0.981075689,1.7,0.99
908,0.999639502,0.981132978,1.7,0.99
909,0.999641277,0.981190064,1.7,0.99
910,0.999643042,0.981246949,1.7,0.99
911,0.999644798,0.981303632,1.7,0.99
912,0.999646543,0.981360116,1.7,0.99
913,0.999648279,0.9814164,1.7,0.99
914,0.999650005,0.981472485,1.7,0.99
915,0.999651722,0.981528373,1.7,0.99
916,0.999653428,0.981584064,1.7,0.99
917,0.999655126,0.981639558,1.7,0.99
918,0.999656813,0.981694858,1.7,0.99
919,0.999658492,0.981749963,1.7,0.99
920,0.999660161,0.981804874,1.7,0.99
921,0.999661821,0.981859592,1.7,0.99
922,0.999663471,0.981914117,1.7,0.99
923,0.999665112,0.981968452,1.7,0.99
924,0.999666745,0.982022596,1.7,0.99
925,0.999668368,0.982076549,1.7,0.99
926,0.999669982,0.982130314,1.7,0.99
927,0.999671587,0.982183891,1.7,0.99
928,0.999673183,0.982237279,1.7,0.99
929,0.999674771,0.982290481,1.7,0.99
930,0.999676349,0.982343497,1.7,0.99
931,0.999677919,0.982396328,1.7,0.99
932,0.99967948,0.982448974,1.7,0.99
933,0.999681033,0.982501436,1.7,0.99
934,0.999682577,0.982553714,1.7,0.99
935,0.999684112,0.982605811,1.7,0.99
936,0.999685639,0.982657726,1.7,0.99
937,0.999687158,0.98270946,1.7,0.99
938,0.999688668,0.982761014,1.7,0.99
939,0.99969017,0.982812388,1.7,0.99
940,0.999691664,0.982863583,1.7,0.99
941,0.999693149,0.982914601,1.7,0.99
942,0.999694627,0.982965441,1.7,0.99
943,0.999696096,0.983016104,1.7,0.99
944,0.999697557,0.983066592,1.7,0.99
945,0.99969901,0.983116904,1.7,0.99
946,0.999700455,0.983167042,1.7,0.99
947,0.999701893,0.983217006,1.7,0.99
948,0.999703322,0.983266797,1.7,0.99
949,0.999704744,0.983316415,1.7,0.99
950,0.999706158,0.983365862,1.7,0.99
951,0.999707564,0.983415138,1.7,0.99
952,0.999708962,0.983464243,1.7,0.99
953,0.999710353,0.983513178,1.7,0.99
954,0.999711737,0.983561945,1.7,0.99
955,0.999713112,0.983610543,1.7,0.99
956,0.999714481,0.983658973,1.7,0.99
957,0.999715842,0.983707236,1.7,0.99
958,0.999717195,0.983755333,1.7,0.991
959,0.999718541,0.983803264,1.7,0.991
960,0.99971988,0.983851031,1.7,0.991
961,0.999721212,0.983898632,1.7,0.991
962,0.999722536,0.98394607,1.7,0.991
963,0.999723853,0.983993345,1.7,0.991
964,0.999725163,0.984040458,1.7,0.991
965,0.999726467,0.984087408,1.7,0.991
966,0.999727763,0.984134197,1.7,0.991
967,0.999729052,0.984180826,1.7,0.991
968,0.999730334,0.984227295,1.7,0.991
969,0.999731609,0.984273605,1.7,0.991
970,0.999732877,0.984319756,1.7,0.991
971,0.999734138,0.984365748,1.7,0.991
972,0.999735393,0.984411584,1.7,0.991
973,0.999736641,0.984457263,1.7,0.991
974,0.999737882,0.984502785,1.7,0.991
975,0.999739117,0.984548152,1.7,0.991
976,0.999740345,0.984593364,1.7,0.991
977,0.999741566,0.984638421,1.7,0.991
978,0.999742781,0.984683325,1.7,0.991
979,0.999743989,0.984728076,1.7,0.991
980,0.999745191,0.984772674,1.7,0.991
981,0.999746387,0.98481712,1.7,0.991
982,0.999747576,0.984861415,1.7,0.991
983,0.999748758,0.984905559,1.7,0.991
984,0.999749935,0.984949553,1.7,0.991
985,0.999751105,0.984993398,1.7,0.991
986,0.999752269,0.985037093,1.7,0.991
987,0.999753427,0.98508064,1.7,0.991
988,0.999754578,0.985124039,1.7,0.991
989,0.999755724,0.985167291,1.7,0.991
990,0.999756863,0.985210396,1.7,0.991
991,0.999757996,0.985253355,1.7,0.991
992,0.999759124,0.985296168,1.7,0.991
993,0.999760245,0.985338837,1.7,0.991
994,0.99976136,0.985381361,1.7,0.991
995,0.99976247,0.985423741,1.7,0.991
996,0.999763573,0.985465978,1.7,0.991
997,0.999764671,0.985508072,1.7,0.991
998,0.999765763,0.985550024,1.7,0.991
999,0.999766849,0.985591835,1.7,0.991
1000,0.99976793,0.985633504,1.7,0.991
1001,0.999769004,0.985675032,1.7,0.991
1002,0.999770074,0.985716421,1.7,0.991
1003,0.999771137,0.98575767,1.7,0.991
1004,0.999772195,0.985798781,1.7,0.991
1005,0.999773247,0.985839753,1.7,0.991
1006,0.999774294,0.985880587,1.7,0.991
1007,0.999775335,0.985921284,1.7,0.991
1008,0.999776371,0.985961844,1.7,0.991
1009,0.999777402,0.986002267,1.7,0.991
1010,0.999778426,0.986042555,1.7,0.991
1011,0.999779446,0.986082708,1.7,0.991
1012,0.99978046,0.986122726,1.7,0.991
1013,0.999781469,0.98616261,1.7,0.991
1014,0.999782473,0.986202361,1.7,0.991
1015,0.999783472,0.986241978,1.7,0.991
1016,0.999784465,0.986281462,1.7,0.991
1017,0.999785453,0.986320815,1.7,0.991
1018,0.999786436,0.986360036,1.7,0.991
1019,0.999787414,0.986399125,1.7,0.991
1020,0.999788386,0.986438084,1.7,0.991
1021,0.999789354,0.986476913,1.7,0.991
1022,0.999790316,0.986515613,1.7,0.991
1023,0.999791274,0.986554183,1.7,0.991
1024,0.999792227,0.986592625,1.7,0.991
1025,0.999793174,0.986630939,1.7,0.991
1026,0.999794117,0.986669125,1.7,0.991
1027,0.999795055,0.986707183,1.7,0.991
1028,0.999795988,0.986745116,1.7,0.991
1029,0.999796916,0.986782922,1.7,0.991
1030,0.99979784,0.986820602,1.7,0.991
1031,0.999798758,0.986858157,1.7,0.991
1032,0.999799672,0.986895587,1.7,0.991
1033,0.999800581,0.986932894,1.7,0.991
1034,0.999801486,0.986970076,1.7,0.991
1035,0.999802386,0.987007135,1.7,0.991
1036,0.999803281,0.987044071,1.7,0.991
1037,0.999804171,0.987080885,1.7,0.991
1038,0.999805057,0.987117577,1.7,0.991
1039,0.999805939,0.987154147,1.7,0.991
1040,0.999806815,0.987190597,1.7,0.991
1041,0.999807688,0.987226926,1.7,0.991
1042,0.999808556,0.987263135,1.7,0.991
1043,0.999809419,0.987299224,1.7,0.991
1044,0.999810278,0.987335194,1.7,0.991
1045,0.999811133,0.987371046,1.7,0.991
1046,0.999811983,0.987406779,1.7,0.991
1047,0.999812829,0.987442394,1.7,0.991
1048,0.999813671,0.987477892,1.7,0.991
1049,0.999814508,0.987513273,1.7,0.991
1050,0.999815341,0.987548538,1.7,0.991
1051,0.999816169,0.987583686,1.7,0.991
1052,0.999816994,0.987618719,1.7,0.991
1053,0.999817814,0.987653637,1.7,0.991
1054,0.99981863,0.98768844,1.7,0.991
1055,0.999819442,0.987723129,1.7,0.991
1056,0.99982025,0.987757704,1.7,0.991
1057,0.999821054,0.987792165,1.7,0.991
1058,0.999821854,0.987826514,1.7,0.991
1059,0.999822649,0.98786075,1.7,0.991
1060,0.999823441,0.987894873,1.7,0.991
1061,0.999824228,0.987928885,1.7,0.991
1062,0.999825012,0.987962786,1.7,0.991
1063,0.999825791,0.987996576,1.7,0.991
1064,0.999826567,0.988030255,1.7,0.991
1065,0.999827339,0.988063824,1.7,0.991
1066,0.999828106,0.988097284,1.7,0.991
1067,0.99982887,0.988130634,1.7,0.991
1068,0.99982963,0.988163875,1.7,0.991
1069,0.999830387,0.988197008,1.7,0.991
1070,0.999831139,0.988230033,1.7,0.991
1071,0.999831888,0.988262951,1.7,0.991
1072,0.999832633,0.988295761,1.7,0.991
1073,0.999833374,0.988328464,1.7,0.991
1074,0.999834111,0.988361061,1.7,0.991
1075,0.999834845,0.988393552,1.7,0.991
1076,0.999835575,0.988425937,1.7,0.991
1077,0.999836301,0.988458217,1.7,0.991
1078,0.999837024,0.988490392,1.7,0.991
1079,0.999837743,0.988522463,1.7,0.991
1080,0.999838458,0.988554429,1.7,0.991
1081,0.99983917,0.988586292,1.7,0.991
1082,0.999839878,0.988618052,1.7,0.991
1083,0.999840583,0.988649709,1.7,0.991
1084,0.999841284,0.988681263,1.7,0.991
1085,0.999841982,0.988712715,1.7,0.991
1086,0.999842676,0.988744065,1.7,0.991
1087,0.999843367,0.988775314,1.7,0.991
1088,0.999844054,0.988806462,1.7,0.991
1089,0.999844738,0.98883751,1.7,0.991
1090,0.999845419,0.988868457,1.7,0.991
1091,0.999846096,0.988899304,1.7,0.991
1092,0.99984677,0.988930051,1.7,0.991
1093,0.99984744,0.9889607,1.7,0.991
1094,0.999848107,0.98899125,1.7,0.991
1095,0.999848771,0.989021701,1.7,0.991
1096,0.999849431,0.989052054,1.7,0.991
1097,0.999850088,0.98908231,1.7,0.991
1098,0.999850742,0.989112468,1.7,0.991
1099,0.999851393,0.989142529,1.7,0.991
1100,0.999852041,0.989172494,1.7,0.991
1101,0.999852685,0.989202362,1.7,0.991
1102,0.999853326,0.989232134,1.7,0.991
1103,0.999853964,0.989261811,1.7,0.991
1104,0.999854599,0.989291393,1.7,0.991
1105,0.99985523,0.98932088,1.7,0.991
1106,0.999855859,0.989350272,1.7,0.991
1107,0.999856484,0.98937957,1.7,0.991
1108,0.999857106,0.989408774,1.7,0.991
1109,0.999857726,0.989437885,1.7,0.992
1110,0.999858342,0.989466903,1.7,0.992
1111,0.999858955,0.989495828,1.7,0.992
1112,0.999859565,0.98952466,1.7,0.992
1113,0.999860173,0.989553401,1.7,0.992
1114,0.999860777,0.989582049,1.7,0.992
1115,0.999861378,0.989610606,1.7,0.992
1116,0.999861976,0.989639073,1.7,0.992
1117,0.999862572,0.989667448,1.7,0.992
1118,0.999863164,0.989695733,1.7,0.992
1119,0.999863754,0.989723928,1.7,0.992
1120,0.99986434,0.989752033,1.7,0.992
1121,0.999864924,0.989780048,1.7,0.992
1122,0.999865505,0.989807975,1.7,0.992
1123,0.999866083,0.989835812,1.7,0.992
1124,0.999866658,0.989863562,1.7,0.992
1125,0.999867231,0.989891223,1.7,0.992
1126,0.999867801,0.989918796,1.7,0.992
1127,0.999868368,0.989946282,1.7,0.992
1128,0.999868932,0.98997368,1.7,0.992
1129,0.999869493,0.990000992,1.7,0.992
1130,0.999870052,0.990028217,1.7,0.992
1131,0.999870608,0.990055356,1.7,0.992
1132,0.999871161,0.990082409,1.7,0.992
1133,0.999871712,0.990109376,1.7,0.992
1134,0.99987226,0.990136258,1.7,0.992
1135,0.999872805,0.990163055,1.7,0.992
1136,0.999873347,0.990189767,1.7,0.992
1137,0.999873887,0.990216395,1.7,0.992
1138,0.999874425,0.990242939,1.7,0.992
1139,0.99987496,0.990269399,1.7,0.992
1140,0.999875492,0.990295776,1.7,0.992
1141,0.999876021,0.990322069,1.7,0.993
1142,0.999876549,0.99034828,1.7,0.993
1143,0.999877073,0.990374408,1.7,0.993
1144,0.999877595,0.990400454,1.7,0.993
1145,0.999878115,0.990426417,1.7,0.993
1146,0.999878632,0.9904523,1.7,0.993
1147,0.999879146,0.9904781,1.7,0.993
1148,0.999879658,0.99050382,1.7,0.993
1149,0.999880168,0.990529459,1.7,0.993
1150,0.999880675,0.990555017,1.7,0.993
1151,0.999881179,0.990580495,1.7,0.993
1152,0.999881682,0.990605893,1.7,0.993
1153,0.999882182,0.990631212,1.7,0.993
1154,0.999882679,0.990656451,1.7,0.993
1155,0.999883174,0.990681611,1.7,0.993
1156,0.999883667,0.990706692,1.7,0.993
1157,0.999884157,0.990731695,1.7,0.993
1158,0.999884645,0.99075662,1.7,0.993
1159,0.999885131,0.990781466,1.7,0.993
1160,0.999885614,0.990806235,1.7,0.993
1161,0.999886095,0.990830927,1.7,0.993
1162,0.999886574,0.990855541,1.7,0.993
1163,0.999887051,0.990880079,1.7,0.993
1164,0.999887525,0.99090454,1.7,0.993
1165,0.999887997,0.990928925,1.7,0.993
1166,0.999888466,0.990953234,1.7,0.993
1167,0.999888934,0.990977467,1.7,0.993
1168,0.999889399,0.991001625,1.7,0.993
1169,0.999889862,0.991025707,1.7,0.993
1170,0.999890323,0.991049714,1.7,0.993
1171,0.999890782,0.991073647,1.7,0.993
1172,0.999891238,0.991097506,1.7,0.993
1173,0.999891692,0.99112129,1.7,0.993
1174,0.999892145,0.991145,1.7,0.993
1175,0.999892595,0.991168637,1.7,0.993
1176,0.999893042,0.9911922,1.7,0.993
1177,0.999893488,0.991215691,1.7,0.993
1178,0.999893932,0.991239108,1.7,0.993
1179,0.999894374,0.991262453,1.7,0.993
1180,0.999894813,0.991285726,1.7,0.993
1181,0.99989525,0.991308927,1.7,0.993
1182,0.999895686,0.991332055,1.7,0.993
1183,0.999896119,0.991355113,1.7,0.993
1184,0.99989655,0.991378099,1.7,0.993
1185,0.99989698,0.991401013,1.7,0.993
1186,0.999897407,0.991423858,1.7,0.993
1187,0.999897832,0.991446631,1.7,0.993
1188,0.999898255,0.991469335,1.7,0.993
1189,0.999898676,0.991491968,1.7,0.993
1190,0.999899096,0.991514531,1.7,0.993
1191,0.999899513,0.991537025,1.7,0.993
1192,0.999899928,0.99155945,1.7,0.993
1193,0.999900342,0.991581806,1.7,0.993
1194,0.999900753,0.991604092,1.7,0.993
1195,0.999901163,0.991626311,1.7,0.993
1196,0.99990157,0.99164846,1.7,0.993
1197,0.999901976,0.991670542,1.7,0.993
1198,0.99990238,0.991692556,1.7,0.994
1199,0.999902782,0.991714503,1.7,0.994
1200,0.999903182,0.991736382,1.7,0.994
1201,0.99990358,0.991758193,1.7,0.994
1202,0.999903976,0.991779938,1.7,0.994
1203,0.999904371,0.991801617,1.7,0.994
1204,0.999904763,0.991823229,1.7,0.994
1205,0.999905154,0.991844774,1.7,0.994
1206,0.999905543,0.991866254,1.7,0.994
1207,0.99990593,0.991887668,1.7,0.994
1208,0.999906316,0.991909016,1.7,0.994
1209,0.999906699,0.9919303,1.7,0.994
1210,0.999907081,0.991951518,1.7,0.994
1211,0.999907461,0.991972671,1.7,0.994
1212,0.999907839,0.99199376,1.7,0.994
1213,0.999908216,0.992014784,1.7,0.994
1214,0.999908591,0.992035744,1.7,0.994
1215,0.999908964,0.992056641,1.7,0.994
1216,0.999909335,0.992077473,1.7,0.994
1217,0.999909705,0.992098243,1.7,0.994
1218,0.999910072,0.992118949,1.7,0.994
1219,0.999910439,0.992139592,1.7,0.994
1220,0.999910803,0.992160172,1.7,0.994
1221,0.999911166,0.992180689,1.7,0.994
1222,0.999911527,0.992201144,1.7,0.994
1223,0.999911887,0.992221537,1.7,0.994
1224,0.999912245,0.992241868,1.7,0.994
1225,0.999912601,0.992262138,1.7,0.994
1226,0.999912955,0.992282345,1.7,0.994
1227,0.999913308,0.992302492,1.7,0.994
1228,0.99991366,0.992322577,1.7,0.994
1229,0.999914009,0.992342602,1.7,0.994
1230,0.999914357,0.992362566,1.7,0.994
1231,0.999914704,0.992382469,1.7,0.994
1232,0.999915049,0.992402313,1.7,0.994
1233,0.999915392,0.992422096,1.7,0.994
1234,0.999915734,0.992441819,1.7,0.994
1235,0.999916074,0.992461483,1.7,0.994
1236,0.999916413,0.992481087,1.7,0.994
1237,0.99991675,0.992500632,1.7,0.994
1238,0.999917085,0.992520119,1.7,0.994
1239,0.999917419,0.992539546,1.7,0.994
1240,0.999917752,0.992558915,1.7,0.994
1241,0.999918083,0.992578225,1.7,0.994
1242,0.999918412,0.992597477,1.7,0.994
1243,0.99991874,0.992616671,1.7,0.994
1244,0.999919067,0.992635808,1.7,0.994
1245,0.999919392,0.992654887,1.7,0.994
1246,0.999919715,0.992673908,1.7,0.994
1247,0.999920037,0.992692872,1.7,0.994
1248,0.999920358,0.992711779,1.7,0.994
1249,0.999920677,0.99273063,1.7,0.994
1250,0.999920995,0.992749424,1.7,0.994
1251,0.999921311,0.992768161,1.7,0.994
1252,0.999921626,0.992786842,1.7,0.994
1253,0.999921939,0.992805468,1.7,0.994
1254,0.999922251,0.992824037,1.7,0.994
1255,0.999922562,0.992842551,1.7,0.994
1256,0.999922871,0.992861009,1.7,0.994
1257,0.999923179,0.992879412,1.7,0.994
1258,0.999923485,0.99289776,1.7,0.994
1259,0.99992379,0.992916053,1.7,0.994
1260,0.999924093,0.992934291,1.7,0.994
1261,0.999924396,0.992952475,1.7,0.994
1262,0.999924697,0.992970605,1.7,0.994
1263,0.999924996,0.99298868,1.7,0.994
1264,0.999925294,0.993006701,1.7,0.994
1265,0.999925591,0.993024669,1.7,0.994
1266,0.999925887,0.993042583,1.7,0.994
1267,0.999926181,0.993060444,1.7,0.994
1268,0.999926474,0.993078251,1.7,0.994
1269,0.999926765,0.993096006,1.7,0.994
1270,0.999927055,0.993113707,1.7,0.994
1271,0.999927344,0.993131356,1.7,0.994
1272,0.999927632,0.993148953,1.7,0.994
1273,0.999927918,0.993166497,1.7,0.994
1274,0.999928203,0.993183989,1.7,0.994
1275,0.999928487,0.993201429,1.7,0.994
1276,0.999928769,0.993218817,1.7,0.994
1277,0.999929051,0.993236154,1.7,0.994
1278,0.999929331,0.993253439,1.7,0.994
1279,0.999929609,0.993270673,1.7,0.994
1280,0.999929887,0.993287856,1.7,0.994
1281,0.999930163,0.993304987,1.7,0.994
1282,0.999930438,0.993322069,1.7,0.994
1283,0.999930712,0.993339099,1.7,0.994
1284,0.999930984,0.993356079,1.7,0.994
1285,0.999931256,0.993373009,1.7,0.994
1286,0.999931526,0.993389889,1.7,0.994
1287,0.999931795,0.993406719,1.7,0.994
1288,0.999932063,0.9934235,1.7,0.994
1289,0.999932329,0.993440231,1.7,0.994
1290,0.999932595,0.993456912,1.7,0.994
1291,0.999932859,0.993473544,1.7,0.994
1292,0.999933122,0.993490127,1.7,0.994
1293,0.999933384,0.993506661,1.7,0.994
1294,0.999933644,0.993523147,1.7,0.994
1295,0.999933904,0.993539584,1.7,0.994
1296,0.999934162,0.993555972,1.7,0.994
1297,0.99993442,0.993572313,1.7,0.994
1298,0.999934676,0.993588605,1.7,0.994
1299,0.999934931,0.993604849,1.7,0.994
1300,0.999935185,0.993621046,1.7,0.994
1301,0.999935437,0.993637195,1.7,0.994
1302,0.999935689,0.993653297,1.7,0.994
1303,0.999935939,0.993669351,1.7,0.994
1304,0.999936189,0.993685358,1.7,0.994
1305,0.999936437,0.993701319,1.7,0.994
1306,0.999936684,0.993717232,1.7,0.994
1307,0.999936931,0.993733099,1.7,0.994
1308,0.999937176,0.993748919,1.7,0.994
1309,0.99993742,0.993764693,1.7,0.994
1310,0.999937662,0.993780421,1.7,0.994
1311,0.999937904,0.993796103,1.7,0.994
1312,0.999938145,0.993811739,1.7,0.994
1313,0.999938385,0.99382733,1.7,0.994
1314,0.999938623,0.993842874,1.7,0.994
1315,0.999938861,0.993858374,1.7,0.994
1316,0.999939098,0.993873828,1.7,0.995
1317,0.999939333,0.993889237,1.7,0.995
1318,0.999939568,0.993904601,1.7,0.995
1319,0.999939801,0.99391992,1.7,0.995
1320,0.999940034,0.993935195,1.7,0.995
1321,0.999940265,0.993950425,1.7,0.995
1322,0.999940496,0.993965611,1.7,0.995
1323,0.999940725,0.993980752,1.7,0.995
1324,0.999940953,0.99399585,1.7,0.996
1325,0.999941181,0.994010904,1.7,0.996
1326,0.999941407,0.994025913,1.7,0.996
1327,0.999941633,0.99404088,1.7,0.996
1328,0.999941857,0.994055802,1.7,0.996
1329,0.999942081,0.994070682,1.7,0.996
1330,0.999942303,0.994085518,1.7,0.996
1331,0.999942525,0.994100311,1.7,0.997
1332,0.999942746,0.994115062,1.7,0.997
1333,0.999942965,0.994129769,1.7,0.997
1334,0.999943184,0.994144434,1.7,0.997
1335,0.999943402,0.994159057,1.7,0.997
1336,0.999943618,0.994173637,1.7,0.997
1337,0.999943834,0.994188175,1.7,0.997
1338,0.999944049,0.99420267,1.7,0.997
1339,0.999944263,0.994217124,1.7,0.997
1340,0.999944476,0.994231537,1.7,0.997
1341,0.999944688,0.994245907,1.7,0.997
1342,0.9999449,0.994260236,1.7,0.997
1343,0.99994511,0.994274524,1.7,0.997
1344,0.999945319,0.99428877,1.7,0.997
1345,0.999945528,0.994302976,1.7,0.997
1346,0.999945736,0.99431714,1.7,0.997
1347,0.999945942,0.994331264,1.7,0.997
1348,0.999946148,0.994345347,1.7,0.997
1349,0.999946353,0.994359389,1.7,0.997
1350,0.999946557,0.994373391,1.7,0.997
1351,0.99994676,0.994387352,1.7,0.997
1352,0.999946963,0.994401274,1.7,0.997
1353,0.999947164,0.994415155,1.7,0.997
1354,0.999947365,0.994428997,1.7,0.997
1355,0.999947564,0.994442799,1.7,0.997
1356,0.999947763,0.994456561,1.7,0.997
1357,0.999947961,0.994470284,1.7,0.997
1358,0.999948158,0.994483967,1.7,0.997
1359,0.999948355,0.994497611,1.7,0.997
1360,0.99994855,0.994511216,1.7,0.997
1361,0.999948745,0.994524782,1.7,0.997
1362,0.999948939,0.994538309,1.7,0.997
1363,0.999949132,0.994551798,1.7,0.997
1364,0.999949324,0.994565247,1.7,0.997
1365,0.999949515,0.994578659,1.7,0.997
1366,0.999949706,0.994592032,1.7,0.997
1367,0.999949895,0.994605366,1.7,0.997
1368,0.999950084,0.994618663,1.7,0.997
1369,0.999950272,0.994631922,1.7,0.997
1370,0.99995046,0.994645143,1.7,0.997
1371,0.999950646,0.994658326,1.7,0.997
1372,0.999950832,0.994671471,1.7,0.997
1373,0.999951017,0.994684579,1.7,0.997
1374,0.999951201,0.99469765,1.7,0.997
1375,0.999951384,0.994710683,1.7,0.997
1376,0.999951567,0.994723679,1.7,0.997
1377,0.999951749,0.994736639,1.7,0.997
1378,0.99995193,0.994749561,1.7,0.997
1379,0.99995211,0.994762447,1.7,0.997
1380,0.999952289,0.994775296,1.7,0.997
1381,0.999952468,0.994788108,1.7,0.997
1382,0.999952646,0.994800884,1.7,0.997
1383,0.999952823,0.994813624,1.7,0.997
1384,0.999953,0.994826328,1.7,0.997
1385,0.999953175,0.994838995,1.7,0.997
1386,0.99995335,0.994851627,1.7,0.997
1387,0.999953525,0.994864223,1.7,0.997
1388,0.999953698,0.994876783,1.7,0.997
1389,0.999953871,0.994889308,1.7,0.997
1390,0.999954043,0.994901797,1.7,0.997
1391,0.999954214,0.994914251,1.7,0.997
1392,0.999954385,0.994926669,1.7,0.997
1393,0.999954555,0.994939052,1.7,0.997
1394,0.999954724,0.994951401,1.7,0.997
1395,0.999954892,0.994963714,1.7,0.997
1396,0.99995506,0.994975993,1.7,0.997
1397,0.999955227,0.994988237,1.7,0.997
1398,0.999955393,0.995000447,1.7,0.997
1399,0.999955559,0.995012622,1.7,0.997
1400,0.999955724,0.995024762,1.7,0.997
1401,0.999955888,0.995036869,1.7,0.997
1402,0.999956052,0.995048941,1.7,0.997
1403,0.999956215,0.995060979,1.7,0.997
1404,0.999956377,0.995072984,1.7,0.997
1405,0.999956538,0.995084954,1.7,0.997
1406,0.999956699,0.995096891,1.7,0.997
1407,0.99995686,0.995108795,1.7,0.997
1408,0.999957019,0.995120665,1.7,0.997
1409,0.999957178,0.995132501,1.7,0.997
1410,0.999957336,0.995144305,1.7,0.997
1411,0.999957494,0.995156075,1.7,0.997
1412,0.99995765,0.995167812,1.7,0.997
1413,0.999957807,0.995179516,1.7,0.997
1414,0.999957962,0.995191187,1.7,0.997
1415,0.999958117,0.995202826,1.7,0.997
1416,0.999958271,0.995214432,1.7,0.997
1417,0.999958425,0.995226006,1.7,0.997
1418,0.999958578,0.995237547,1.7,0.997
1419,0.99995873,0.995249056,1.7,0.997
1420,0.999958882,0.995260532,1.7,0.997
1421,0.999959033,0.995271977,1.7,0.997
1422,0.999959184,0.995283389,1.7,0.997
1423,0.999959333,0.99529477,1.7,0.997
1424,0.999959483,0.995306119,1.7,0.997
1425,0.999959631,0.995317436,1.7,0.997
1426,0.999959779,0.995328721,1.7,0.997
1427,0.999959927,0.995339975,1.7,0.997
1428,0.999960073,0.995351198,1.7,0.997
1429,0.999960219,0.99536239,1.7,0.997
1430,0.999960365,0.99537355,1.7,0.997
1431,0.99996051,0.995384679,1.7,0.997
1432,0.999960654,0.995395777,1.7,0.997
1433,0.999960798,0.995406844,1.7,0.997
1434,0.999960941,0.995417881,1.7,0.997
1435,0.999961084,0.995428886,1.7,0.997
1436,0.999961226,0.995439862,1.7,0.997
1437,0.999961367,0.995450806,1.7,0.997
1438,0.999961508,0.99546172,1.7,0.997
1439,0.999961648,0.995472604,1.7,0.997
1440,0.999961788,0.995483458,1.7,0.997
1441,0.999961927,0.995494282,1.7,0.997
1442,0.999962065,0.995505075,1.7,0.997
1443,0.999962203,0.995515839,1.7,0.997
1444,0.999962341,0.995526573,1.7,0.997
1445,0.999962478,0.995537277,1.7,0.997
1446,0.999962614,0.995547951,1.7,0.997
1447,0.999962749,0.995558596,1.7,0.997
1448,0.999962885,0.995569212,1.7,0.997
1449,0.999963019,0.995579798,1.7,0.997
1450,0.999963153,0.995590354,1.7,0.997
1451,0.999963287,0.995600882,1.7,0.997
1452,0.99996342,0.995611381,1.7,0.997
1453,0.999963552,0.99562185,1.7,0.997
1454,0.999963684,0.995632291,1.7,0.997
1455,0.999963815,0.995642703,1.7,0.997
1456,0.999963946,0.995653086,1.7,0.997
1457,0.999964076,0.99566344,1.7,0.997
1458,0.999964206,0.995673766,1.7,0.997
1459,0.999964335,0.995684064,1.7,0.997
1460,0.999964464,0.995694333,1.7,0.997
1461,0.999964592,0.995704574,1.7,0.997
1462,0.99996472,0.995714786,1.7,0.997
1463,0.999964847,0.995724971,1.7,0.997
1464,0.999964973,0.995735128,1.7,0.997
1465,0.999965099,0.995745256,1.7,0.997
1466,0.999965225,0.995755357,1.7,0.997
1467,0.99996535,0.99576543,1.7,0.997
1468,0.999965474,0.995775475,1.7,0.997
1469,0.999965598,0.995785493,1.7,0.997
1470,0.999965722,0.995795484,1.7,0.997
1471,0.999965845,0.995805447,1.7,0.997
1472,0.999965968,0.995815382,1.7,0.997
1473,0.99996609,0.995825291,1.7,0.998
1474,0.999966211,0.995835172,1.7,0.998
1475,0.999966332,0.995845026,1.7,0.998
1476,0.999966453,0.995854854,1.7,0.998
1477,0.999966573,0.995864654,1.7,0.998
1478,0.999966692,0.995874427,1.7,0.998
1479,0.999966811,0.995884174,1.7,0.998
1480,0.99996693,0.995893895,1.7,0.998
1481,0.999967048,0.995903588,1.7,0.998
1482,0.999967166,0.995913255,1.7,0.998
1483,0.999967283,0.995922896,1.7,0.998
1484,0.9999674,0.995932511,1.7,0.998
1485,0.999967516,0.995942099,1.7,0.998
1486,0.999967632,0.995951661,1.7,0.998
1487,0.999967747,0.995961197,1.7,0.998
1488,0.999967862,0.995970707,1.7,0.998
1489,0.999967976,0.995980191,1.7,0.998
1490,0.99996809,0.99598965,1.7,0.998
1491,0.999968204,0.995999082,1.7,0.998
1492,0.999968317,0.996008489,1.7,0.998
1493,0.999968429,0.996017871,1.7,0.998
1494,0.999968542,0.996027227,1.7,0.998
1495,0.999968653,0.996036557,1.7,0.998
1496,0.999968764,0.996045862,1.7,0.998
1497,0.999968875,0.996055142,1.7,0.998
1498,0.999968986,0.996064397,1.7,0.998
1499,0.999969095,0.996073626,1.7,0.998
1500,0.999969205,0.996082831,1.7,0.998
1501,0.999969314,0.99609201,1.7,0.998
1502,0.999969422,0.996101165,1.7,0.998
1503,0.999969531,0.996110295,1.7,0.998
1504,0.999969638,0.9961194,1.7,0.998
1505,0.999969746,0.996128481,1.7,0.998
1506,0.999969852,0.996137537,1.7,0.998
1507,0.999969959,0.996146568,1.7,0.998
1508,0.999970065,0.996155575,1.7,0.998
1509,0.99997017,0.996164558,1.7,0.998
1510,0.999970276,0.996173516,1.7,0.998
1511,0.99997038,0.996182451,1.7,0.998
1512,0.999970485,0.996191361,1.7,0.998
1513,0.999970589,0.996200247,1.7,0.998
1514,0.999970692,0.996209109,1.7,0.998
1515,0.999970795,0.996217947,1.7,0.998
1516,0.999970898,0.996226762,1.7,0.998
1517,0.999971,0.996235552,1.7,0.998
1518,0.999971102,0.996244319,1.7,0.998
1519,0.999971204,0.996253063,1.7,0.998
1520,0.999971305,0.996261782,1.7,0.998
1521,0.999971405,0.996270479,1.7,0.998
1522,0.999971506,0.996279152,1.7,0.998
1523,0.999971605,0.996287802,1.7,0.998
1524,0.999971705,0.996296428,1.7,0.998
1525,0.999971804,0.996305031,1.7,0.998
1526,0.999971903,0.996313611,1.7,0.998
1527,0.999972001,0.996322169,1.7,0.998
1528,0.999972099,0.996330703,1.7,0.998
1529,0.999972196,0.996339214,1.7,0.998
1530,0.999972294,0.996347702,1.7,0.998
1531,0.99997239,0.996356168,1.7,0.998
1532,0.999972487,0.996364611,1.7,0.998
1533,0.999972583,0.996373032,1.7,0.998
1534,0.999972678,0.996381429,1.7,0.998
1535,0.999972774,0.996389805,1.7,0.998
1536,0.999972868,0.996398158,1.7,0.998
1537,0.999972963,0.996406488,1.7,0.998
1538,0.999973057,0.996414797,1.7,0.998
1539,0.999973151,0.996423083,1.7,0.998
1540,0.999973244,0.996431347,1.7,0.998
1541,0.999973337,0.996439589,1.7,0.998
1542,0.99997343,0.996447809,1.7,0.998
1543,0.999973522,0.996456007,1.7,0.998
1544,0.999973614,0.996464183,1.7,0.998
1545,0.999973706,0.996472338,1.7,0.998
1546,0.999973797,0.99648047,1.7,0.998
1547,0.999973888,0.996488581,1.7,0.998
1548,0.999973978,0.996496671,1.7,0.998
1549,0.999974069,0.996504739,1.7,0.998
1550,0.999974158,0.996512785,1.7,0.998
1551,0.999974248,0.99652081,1.7,0.998
1552,0.999974337,0.996528814,1.7,0.999
1553,0.999974426,0.996536796,1.7,0.999
1554,0.999974514,0.996544757,1.7,0.999
1555,0.999974602,0.996552697,1.7,0.999
1556,0.99997469,0.996560616,1.7,0.999
1557,0.999974777,0.996568514,1.7,0.999
1558,0.999974864,0.996576391,1.7,0.999
1559,0.999974951,0.996584247,1.7,0.999
1560,0.999975037,0.996592082,1.7,0.999
1561,0.999975123,0.996599897,1.7,0.999
1562,0.999975209,0.99660769,1.7,0.999
1563,0.999975294,0.996615463,1.7,0.999
1564,0.999975379,0.996623216,1.7,0.999
1565,0.999975464,0.996630948,1.7,0.999
1566,0.999975548,0.99663866,1.7,0.999
1567,0.999975633,0.996646351,1.7,0.999
1568,0.999975716,0.996654022,1.7,0.999
1569,0.9999758,0.996661672,1.7,0.999
1570,0.999975883,0.996669303,1.7,0.999
1571,0.999975965,0.996676913,1.7,0.999
1572,0.999976048,0.996684503,1.7,0.999
1573,0.99997613,0.996692073,1.7,0.999
1574,0.999976212,0.996699623,1.7,0.999
1575,0.999976293,0.996707153,1.7,0.999
1576,0.999976374,0.996714664,1.7,0.999
1577,0.999976455,0.996722154,1.7,0.999
1578,0.999976536,0.996729625,1.7,0.999
1579,0.999976616,0.996737077,1.7,0.999
1580,0.999976696,0.996744508,1.7,0.999
1581,0.999976776,0.99675192,1.7,0.999
1582,0.999976855,0.996759313,1.7,0.999
1583,0.999976934,0.996766686,1.7,0.999
1584,0.999977013,0.99677404,1.7,0.999
1585,0.999977091,0.996781374,1.7,0.999
1586,0.999977169,0.996788689,1.7,0.999
1587,0.999977247,0.996795985,1.7,0.999
1588,0.999977324,0.996803262,1.7,0.999
1589,0.999977402,0.99681052,1.7,0.999
1590,0.999977478,0.996817759,1.7,0.999
1591,0.999977555,0.996824978,1.7,0.999
1592,0.999977631,0.996832179,1.7,0.999
1593,0.999977707,0.996839361,1.7,0.999
1594,0.999977783,0.996846524,1.7,0.999
1595,0.999977859,0.996853669,1.7,0.999
1596,0.999977934,0.996860794,1.7,0.999
1597,0.999978009,0.996867901,1.7,0.999
1598,0.999978083,0.99687499,1.7,0.999
1599,0.999978157,0.99688206,1.7,0.999
1600,0.999978232,0.996889111,1.7,0.999
1601,0.999978305,0.996896144,1.7,0.999
1602,0.999978379,0.996903159,1.7,0.999
1603,0.999978452,0.996910156,1.7,0.999
1604,0.999978525,0.996917134,1.7,0.999
1605,0.999978597,0.996924094,1.7,0.999
1606,0.99997867,0.996931036,1.7,0.999
1607,0.999978742,0.996937959,1.7,0.999
1608,0.999978814,0.996944865,1.7,0.999
1609,0.999978885,0.996951753,1.7,0.999
1610,0.999978956,0.996958623,1.7,0.999
1611,0.999979027,0.996965474,1.7,0.999
1612,0.999979098,0.996972309,1.7,0.999
1613,0.999979168,0.996979125,1.7,0.999
1614,0.999979239,0.996985924,1.7,0.999
1615,0.999979308,0.996992704,1.7,0.999
1616,0.999979378,0.996999468,1.7,0.999
1617,0.999979447,0.997006214,1.7,0.999
1618,0.999979517,0.997012942,1.7,0.999
1619,0.999979585,0.997019653,1.7,0.999
1620,0.999979654,0.997026346,1.7,0.999
1621,0.999979722,0.997033022,1.7,0.999
1622,0.99997979,0.997039681,1.7,0.999
1623,0.999979858,0.997046322,1.7,0.999
1624,0.999979926,0.997052947,1.7,0.999
1625,0.999979993,0.997059554,1.7,0.999
1626,0.99998006,0.997066144,1.7,0.999
1627,0.999980127,0.997072717,1.7,0.999
1628,0.999980193,0.997079273,1.7,0.999
1629,0.99998026,0.997085812,1.7,0.999
1630,0.999980326,0.997092334,1.7,0.999
1631,0.999980391,0.997098839,1.7,0.999
1632,0.999980457,0.997105328,1.7,0.999
1633,0.999980522,0.9971118,1.7,0.999
1634,0.999980587,0.997118255,1.7,0.999
1635,0.999980652,0.997124693,1.7,0.999
1636,0.999980717,0.997131115,1.7,0.999
1637,0.999980781,0.99713752,1.7,0.999
1638,0.999980845,0.997143909,1.7,0.999
1639,0.999980909,0.997150281,1.7,0.999
1640,0.999980973,0.997156637,1.7,0.999
1641,0.999981036,0.997162977,1.7,0.999
1642,0.999981099,0.9971693,1.7,0.999
1643,0.999981162,0.997175607,1.7,0.999
1644,0.999981225,0.997181898,1.7,0.999
1645,0.999981287,0.997188172,1.7,0.999
1646,0.999981349,0.997194431,1.7,0.999
1647,0.999981411,0.997200673,1.7,0.999
1648,0.999981473,0.997206899,1.7,0.999
1649,0.999981534,0.99721311,1.7,0.999
1650,0.999981596,0.997219304,1.7,0.999
1651,0.999981657,0.997225483,1.7,0.999
1652,0.999981717,0.997231645,1.7,0.999
1653,0.999981778,0.997237792,1.7,0.999
1654,0.999981838,0.997243923,1.7,0.999
1655,0.999981898,0.997250039,1.7,0.999
1656,0.999981958,0.997256139,1.7,0.999
1657,0.999982018,0.997262223,1.7,0.999
1658,0.999982077,0.997268291,1.7,0.999
1659,0.999982137,0.997274345,1.7,0.999
1660,0.999982196,0.997280382,1.7,0.999
1661,0.999982254,0.997286404,1.7,0.999
1662,0.999982313,0.997292411,1.7,0.999
1663,0.999982371,0.997298403,1.7,0.999
1664,0.999982429,0.997304379,1.7,0.999
1665,0.999982487,0.99731034,1.7,0.999
1666,0.999982545,0.997316285,1.7,0.999
1667,0.999982603,0.997322216,1.7,0.999
1668,0.99998266,0.997328131,1.7,0.999
1669,0.999982717,0.997334032,1.7,0.999
1670,0.999982774,0.997339917,1.7,0.999
1671,0.99998283,0.997345787,1.7,0.999
1672,0.999982887,0.997351643,1.7,0.999
1673,0.999982943,0.997357483,1.7,0.999
1674,0.999982999,0.997363309,1.7,0.999
1675,0.999983055,0.99736912,1.7,0.999
1676,0.999983111,0.997374916,1.7,0.999
1677,0.999983166,0.997380697,1.7,0.999
1678,0.999983221,0.997386464,1.7,0.999
1679,0.999983276,0.997392216,1.7,0.999
1680,0.999983331,0.997397953,1.7,0.999
1681,0.999983385,0.997403676,1.7,0.999
1682,0.99998344,0.997409384,1.7,0.999
1683,0.999983494,0.997415078,1.7,0.999
1684,0.999983548,0.997420757,1.7,0.999
1685,0.999983602,0.997426422,1.7,0.999
1686,0.999983655,0.997432073,1.7,0.999
1687,0.999983709,0.997437709,1.7,0.999
1688,0.999983762,0.997443331,1.7,0.999
1689,0.999983815,0.997448939,1.7,0.999
1690,0.999983868,0.997454533,1.7,0.999
1691,0.99998392,0.997460112,1.7,0.999
1692,0.999983973,0.997465678,1.7,0.999
1693,0.999984025,0.997471229,1.7,0.999
1694,0.999984077,0.997476766,1.7,0.999
1695,0.999984129,0.99748229,1.7,0.999
1696,0.999984181,0.997487799,1.7,0.999
1697,0.999984232,0.997493295,1.7,0.999
1698,0.999984283,0.997498776,1.7,0.999
1699,0.999984334,0.997504244,1.7,0.999
1700,0.999984385,0.997509698,1.7,0.999
1701,0.999984436,0.997515138,1.7,0.999
1702,0.999984487,0.997520565,1.7,0.999
1703,0.999984537,0.997525978,1.7,0.999
1704,0.999984587,0.997531377,1.7,0.999
1705,0.999984637,0.997536763,1.7,1
1706,0.999984687,0.997542135,1.7,1
1707,0.999984736,0.997547494,1.7,1
1708,0.999984786,0.997552839,1.7,1
1709,0.999984835,0.99755817,1.7,1
1710,0.999984884,0.997563489,1.7,1
1711,0.999984933,0.997568794,1.7,1
1712,0.999984982,0.997574085,1.7,1
1713,0.99998503,0.997579364,1.7,1
1714,0.999985079,0.997584629,1.7,1
1715,0.999985127,0.997589881,1.7,1
1716,0.999985175,0.99759512,1.7,1
1717,0.999985223,0.997600345,1.7,1
1718,0.99998527,0.997605558,1.7,1
1719,0.999985318,0.997610757,1.7,1
1720,0.999985365,0.997615944,1.7,1
1721,0.999985412,0.997621117,1.7,1
1722,0.999985459,0.997626278,1.7,1
1723,0.999985506,0.997631426,1.7,1
1724,0.999985553,0.99763656,1.7,1
1725,0.999985599,0.997641682,1.7,1
1726,0.999985646,0.997646792,1.7,1
1727,0.999985692,0.997651888,1.7,1
1728,0.999985738,0.997656972,1.7,1
1729,0.999985784,0.997662043,1.7,1
1730,0.999985829,0.997667101,1.7,1
1731,0.999985875,0.997672147,1.7,1
1732,0.99998592,0.99767718,1.7,1
1733,0.999985965,0.9976822,1.7,1
1734,0.99998601,0.997687208,1.7,1
1735,0.999986055,0.997692204,1.7,1
1736,0.9999861,0.997697187,1.7,1
1737,0.999986144,0.997702158,1.7,1
1738,0.999986188,0.997707116,1.7,1
1739,0.999986233,0.997712063,1.7,1
1740,0.999986277,0.997716996,1.7,1
1741,0.99998632,0.997721918,1.7,1
1742,0.999986364,0.997726827,1.7,1
1743,0.999986408,0.997731724,1.7,1
1744,0.999986451,0.997736609,1.7,1
1745,0.999986494,0.997741482,1.7,1
1746,0.999986537,0.997746343,1.7,1
1747,0.99998658,0.997751191,1.7,1
1748,0.999986623,0.997756028,1.7,1
1749,0.999986666,0.997760853,1.7,1
1750,0.999986708,0.997765665,1.7,1
1751,0.99998675,0.997770466,1.7,1
1752,0.999986793,0.997775255,1.7,1
1753,0.999986835,0.997780032,1.7,1
1754,0.999986876,0.997784797,1.7,1
1755,0.999986918,0.997789551,1.7,1
1756,0.99998696,0.997794293,1.7,1
1757,0.999987001,0.997799023,1.7,1
1758,0.999987042,0.997803741,1.7,1
1759,0.999987084,0.997808447,1.7,1
1760,0.999987125,0.997813142,1.7,1
1761,0.999987165,0.997817826,1.7,1
1762,0.999987206,0.997822498,1.7,1
1763,0.999987247,0.997827158,1.7,1
1764,0.999987287,0.997831807,1.7,1
1765,0.999987327,0.997836444,1.7,1
1766,0.999987367,0.99784107,1.7,1
1767,0.999987407,0.997845685,1.7,1
1768,0.999987447,0.997850288,1.7,1
1769,0.999987487,0.99785488,1.7,1
1770,0.999987526,0.99785946,1.7,1
1771,0.999987566,0.99786403,1.7,1
1772,0.999987605,0.997868588,1.7,1
1773,0.999987644,0.997873135,1.7,1
1774,0.999987683,0.99787767,1.7,1
1775,0.999987722,0.997882195,1.7,1
1776,0.999987761,0.997886708,1.7,1
1777,0.999987799,0.997891211,1.7,1
1778,0.999987838,0.997895702,1.7,1
1779,0.999987876,0.997900182,1.7,1
1780,0.999987914,0.997904651,1.7,1
1781,0.999987952,0.99790911,1.7,1
1782,0.99998799,0.997913557,1.7,1
1783,0.999988028,0.997917994,1.7,1
1784,0.999988065,0.997922419,1.7,1
1785,0.999988103,0.997926834,1.7,1
1786,0.99998814,0.997931238,1.7,1
1787,0.999988177,0.997935631,1.7,1
1788,0.999988214,0.997940014,1.7,1
1789,0.999988251,0.997944386,1.7,1
1790,0.999988288,0.997948747,1.7,1
1791,0.999988325,0.997953097,1.7,1
1792,0.999988361,0.997957437,1.7,1
1793,0.999988398,0.997961766,1.7,1
1794,0.999988434,0.997966085,1.7,1
1795,0.99998847,0.997970393,1.7,1
1796,0.999988506,0.99797469,1.7,1
1797,0.999988542,0.997978977,1.7,1
1798,0.999988578,0.997983254,1.7,1
1799,0.999988614,0.99798752,1.7,1
1800,0.999988649,0.997991776,1.7,1
1801,0.999988685,0.997996021,1.7,1
1802,0.99998872,0.998000257,1.7,1
1803,0.999988755,0.998004481,1.7,1
1804,0.99998879,0.998008696,1.7,1
1805,0.999988825,0.9980129,1.7,1
1806,0.99998886,0.998017094,1.7,1
1807,0.999988895,0.998021278,1.7,1
1808,0.999988929,0.998025452,1.7,1
1809,0.999988964,0.998029615,1.7,1
1810,0.999988998,0.998033769,1.7,1
1811,0.999989032,0.998037912,1.7,1
1812,0.999989066,0.998042046,1.7,1
1813,0.9999891,0.998046169,1.7,1
1814,0.999989134,0.998050282,1.7,1
1815,0.999989168,0.998054386,1.7,1
1816,0.999989202,0.998058479,1.7,1
1817,0.999989235,0.998062562,1.7,1
1818,0.999989269,0.998066636,1.7,1
1819,0.999989302,0.9980707,1.7,1
1820,0.999989335,0.998074754,1.7,1
1821,0.999989368,0.998078798,1.7,1
1822,0.999989401,0.998082832,1.7,1
1823,0.999989434,0.998086856,1.7,1
1824,0.999989466,0.998090871,1.7,1
1825,0.999989499,0.998094876,1.7,1
1826,0.999989531,0.998098872,1.7,1
1827,0.999989564,0.998102858,1.7,1
1828,0.999989596,0.998106834,1.7,1
1829,0.999989628,0.9981108,1.7,1
1830,0.99998966,0.998114757,1.7,1
1831,0.999989692,0.998118705,1.7,1
1832,0.999989724,0.998122643,1.7,1
1833,0.999989756,0.998126571,1.7,1
1834,0.999989787,0.99813049,1.7,1
1835,0.999989819,0.9981344,1.7,1
1836,0.99998985,0.9981383,1.7,1
1837,0.999989881,0.998142191,1.7,1
1838,0.999989912,0.998146072,1.7,1
1839,0.999989943,0.998149944,1.7,1
1840,0.999989974,0.998153807,1.7,1
1841,0.999990005,0.998157661,1.7,1
1842,0.999990036,0.998161505,1.7,1
1843,0.999990066,0.99816534,1.7,1
1844,0.999990097,0.998169166,1.7,1
1845,0.999990127,0.998172982,1.7,1
1846,0.999990158,0.99817679,1.7,1
1847,0.999990188,0.998180588,1.7,1
1848,0.999990218,0.998184377,1.7,1
1849,0.999990248,0.998188157,1.7,1
1850,0.999990278,0.998191928,1.7,1
1851,0.999990307,0.99819569,1.7,1
1852,0.999990337,0.998199443,1.7,1
1853,0.999990367,0.998203187,1.7,1
1854,0.999990396,0.998206922,1.7,1
1855,0.999990426,0.998210649,1.7,1
1856,0.999990455,0.998214366,1.7,1
1857,0.999990484,0.998218074,1.7,1
1858,0.999990513,0.998221774,1.7,1
1859,0.999990542,0.998225464,1.7,1
1860,0.999990571,0.998229146,1.7,1
1861,0.9999906,0.998232819,1.7,1
1862,0.999990628,0.998236483,1.7,1
1863,0.999990657,0.998240139,1.7,1
1864,0.999990685,0.998243786,1.7,1
1865,0.999990714,0.998247424,1.7,1
1866,0.999990742,0.998251053,1.7,1
1867,0.99999077,0.998254674,1.7,1
1868,0.999990798,0.998258286,1.7,1
1869,0.999990826,0.99826189,1.7,1
1870,0.999990854,0.998265485,1.7,1
1871,0.999990882,0.998269071,1.7,1
1872,0.99999091,0.998272649,1.7,1
1873,0.999990937,0.998276218,1.7,1
1874,0.999990965,0.998279779,1.7,1
1875,0.999990992,0.998283332,1.7,1
1876,0.999991019,0.998286876,1.7,1
1877,0.999991047,0.998290411,1.7,1
1878,0.999991074,0.998293939,1.7,1
1879,0.999991101,0.998297457,1.7,1
1880,0.999991128,0.998300968,1.7,1
1881,0.999991155,0.99830447,1.7,1
1882,0.999991181,0.998307964,1.7,1
1883,0.999991208,0.998311449,1.7,1
1884,0.999991235,0.998314927,1.7,1
1885,0.999991261,0.998318396,1.7,1
1886,0.999991288,0.998321856,1.7,1
1887,0.999991314,0.998325309,1.7,1
1888,0.99999134,0.998328753,1.7,1
1889,0.999991366,0.99833219,1.7,1
1890,0.999991392,0.998335618,1.7,1
1891,0.999991418,0.998339038,1.7,1
1892,0.999991444,0.99834245,1.7,1
1893,0.99999147,0.998345854,1.7,1
1894,0.999991496,0.99834925,1.7,1
1895,0.999991521,0.998352638,1.7,1
1896,0.999991547,0.998356018,1.7,1
1897,0.999991572,0.99835939,1.7,1
1898,0.999991598,0.998362753,1.7,1
1899,0.999991623,0.998366109,1.7,1
1900,0.999991648,0.998369458,1.7,1
1901,0.999991673,0.998372798,1.7,1
1902,0.999991698,0.99837613,1.7,1
1903,0.999991723,0.998379455,1.7,1
1904,0.999991748,0.998382771,1.7,1
1905,0.999991773,0.99838608,1.7,1
1906,0.999991797,0.998389381,1.7,1
1907,0.999991822,0.998392674,1.7,1
1908,0.999991847,0.99839596,1.7,1
1909,0.999991871,0.998399238,1.7,1
1910,0.999991895,0.998402508,1.7,1
1911,0.99999192,0.99840577,1.7,1
1912,0.999991944,0.998409025,1.7,1
1913,0.999991968,0.998412272,1.7,1
1914,0.999991992,0.998415512,1.7,1
1915,0.999992016,0.998418744,1.7,1
1916,0.99999204,0.998421968,1.7,1
1917,0.999992064,0.998425185,1.7,1
1918,0.999992087,0.998428394,1.7,1
1919,0.999992111,0.998431596,1.7,1
1920,0.999992134,0.99843479,1.7,1
1921,0.999992158,0.998437977,1.7,1
1922,0.999992181,0.998441156,1.7,1
1923,0.999992205,0.998444328,1.7,1
1924,0.999992228,0.998447492,1.7,1
1925,0.999992251,0.998450649,1.7,1
1926,0.999992274,0.998453799,1.7,1
1927,0.999992297,0.998456941,1.7,1
1928,0.99999232,0.998460076,1.7,1
1929,0.999992343,0.998463203,1.7,1
1930,0.999992366,0.998466324,1.7,1
1931,0.999992388,0.998469437,1.7,1
1932,0.999992411,0.998472543,1.7,1
1933,0.999992433,0.998475641,1.7,1
1934,0.999992456,0.998478732,1.7,1
1935,0.999992478,0.998481816,1.7,1
1936,0.999992501,0.998484893,1.7,1
1937,0.999992523,0.998487963,1.7,1
1938,0.999992545,0.998491025,1.7,1
1939,0.999992567,0.998494081,1.7,1
1940,0.999992589,0.998497129,1.7,1
1941,0.999992611,0.99850017,1.7,1
1942,0.999992633,0.998503205,1.7,1
1943,0.999992655,0.998506232,1.7,1
1944,0.999992676,0.998509252,1.7,1
1945,0.999992698,0.998512265,1.7,1
1946,0.99999272,0.998515271,1.7,1
1947,0.999992741,0.99851827,1.7,1
1948,0.999992763,0.998521262,1.7,1
1949,0.999992784,0.998524247,1.7,1
1950,0.999992805,0.998527225,1.7,1
1951,0.999992827,0.998530196,1.7,1
1952,0.999992848,0.998533161,1.7,1
1953,0.999992869,0.998536118,1.7,1
1954,0.99999289,0.998539069,1.7,1
1955,0.999992911,0.998542013,1.7,1
1956,0.999992932,0.99854495,1.7,1
1957,0.999992952,0.99854788,1.7,1
1958,0.999992973,0.998550804,1.7,1
1959,0.999992994,0.99855372,1.7,1
1960,0.999993015,0.99855663,1.7,1
1961,0.999993035,0.998559533,1.7,1
1962,0.999993056,0.99856243,1.7,1
1963,0.999993076,0.99856532,1.7,1
1964,0.999993096,0.998568203,1.7,1
1965,0.999993117,0.998571079,1.7,1
1966,0.999993137,0.998573949,1.7,1
1967,0.999993157,0.998576812,1.7,1
1968,0.999993177,0.998579669,1.7,1
1969,0.999993197,0.998582519,1.7,1
1970,0.999993217,0.998585362,1.7,1
1971,0.999993237,0.998588199,1.7,1
1972,0.999993257,0.998591029,1.7,1
1973,0.999993276,0.998593853,1.7,1
1974,0.999993296,0.99859667,1.7,1
1975,0.999993316,0.998599481,1.7,1
1976,0.999993335,0.998602286,1.7,1
1977,0.999993355,0.998605083,1.7,1
1978,0.999993374,0.998607875,1.7,1
1979,0.999993393,0.99861066,1.7,1
1980,0.999993413,0.998613439,1.7,1
1981,0.999993432,0.998616211,1.7,1
1982,0.999993451,0.998618977,1.7,1
1983,0.99999347,0.998621736,1.7,1
1984,0.999993489,0.998624489,1.7,1
1985,0.999993508,0.998627236,1.7,1
1986,0.999993527,0.998629977,1.7,1
1987,0.999993546,0.998632711,1.7,1
1988,0.999993565,0.998635439,1.7,1
1989,0.999993584,0.998638161,1.7,1
1990,0.999993602,0.998640876,1.7,1
1991,0.999993621,0.998643586,1.7,1
1992,0.999993639,0.998646289,1.7,1
1993,0.999993658,0.998648986,1.7,1
1994,0.999993676,0.998651676,1.7,1
1995,0.999993695,0.998654361,1.7,1
1996,0.999993713,0.998657039,1.7,1
1997,0.999993731,0.998659712,1.7,1
1998,0.999993749,0.998662378,1.7,1
1999,0.999993768,0.998665038,1.7,1
2000,0.999993786,0.998667692,1.7,1