T1,T2
106.4679445,3.345711841
0,3.011183094
301.4006074,80.63317714
260.4897108,19.84127299
4.301155803,3.570173553
4.895786847,3.129460648
458.2872071,2.522595927
191.9723871,368.6386871
404.4798204,92.72247154
7.065567476,2.506988971
255.0482348,158.8597186
3.992281613,142.8214825
2.552094785,106.7482298
277.3207609,226.7238274
3.405023541,2.965720216
5.240861104,256.0223756
7.995498741,3.190429415
315.8035658,101.9599662
3.682063476,78.87936189
5.505561009,49.13095877
447.6690183,129.5244537
0,23.39196303
396.5154839,3.464676616
234.3626554,166.0619374
230.1155748,57.50927205
187.6088277,3.22536557
310.884229,260.7819169
216.9932029,189.7808141
147.2058679,137.082444
7.189634989,68.37336406
289.2479304,88.79244888
6.177948876,263.1119599
207.4820412,187.7208222
2.885727567,163.7961744
4.843480535,430.9295696
534.1172392,3.130903504
178.040345,2.674209875
171.8880809,2.593826072
3.222671402,3.049382363
235.6153431,3.14489215
385.883977,2.735210268
4.003286259,79.53438466
341.2340174,3.081132625
0,2.128857736
268.7684192,3.311790555
5.765522384,69.64226694
399.0521394,108.0259087
259.7104319,3.033589676
5.607530625,113.4959439
137.8015142,2.357683635
7.785537716,2.806067838
365.1326902,41.51558983
2.870870789,2.386273341
372.6486686,276.9478864
6.291752724,2.446559566
194.8419881,199.4604196
9.376273233,59.15837299
276.7960771,335.8348819
122.1272167,201.6556822
285.1911111,106.9699539
6.724884636,75.5177396
167.159151,172.6902313
5.832243405,3.076527897
2.407401073,63.51720084
268.3190366,47.65467463
340.7843561,147.0069212
371.0356504,24.29277083
7.820121044,2.903640837
101.7581242,45.16292548
2.730777228,2.826655197
6.561800953,3.3373472
5.335095547,260.7936611
313.96256,276.0298566
129.0060182,54.41135839
9.223341248,112.1939395
161.2473839,44.82978638
307.4251085,2.14500896
303.2659454,76.59118072
7.370665327,148.4651867
7.956665299,112.7289796
79.15756885,94.97016625
232.6988739,185.1550147
4.450399832,2.981193539
10.76719611,664.5389563
240.5781291,174.1265723
3.071452507,2.976693467
66.36922025,2.625309919
164.2543292,133.2769929
295.2491053,193.2290851
492.0257111,621.7842076
2.410511146,53.61852846
305.7220949,2.952958836
5.709193759,315.9219318
224.3010174,124.3392743
171.1763507,3.781854955
8.032882604,3.339898373
211.6241845,163.5653115
332.3994164,326.9900473
573.9836938,860.6117327
176.8759349,129.7869487
100.0064415,2.80608948
208.1662186,3.521553326
7.859494409,3.773191443
17.26525072,3.280187831
8.37644581,59.15059834
192.4523549,387.9487906
3.185792597,3.850803118
245.0181084,75.78392068
109.4938766,78.7137325
7.647141717,2.991565627
6.970161613,20.47050897
6.923707158,468.2739531
233.1916225,172.8045073
73.03956175,237.8354729
5.785339515,31.01282219
5.511909235,178.6420377
280.9415321,324.6829124
134.5814132,3.525590091
361.8759041,80.79857605
9.217419779,116.443816
397.1644276,277.0900908
8.370779357,165.6203593
160.4585449,75.2833928
10.81048272,322.7869203
127.868783,161.2872249
4.51917234,2.817397008
191.2404282,136.1964125
344.6343364,90.95704838
3.239925425,92.92793887
5.681768697,2.991844068
271.5366171,73.57183954
342.7709808,106.8864549
133.1590221,84.19345357
205.3754927,67.02022935
461.6407756,3.121655427
3.52060447,44.41535678
143.2339865,2.170299719
200.053335,2.635696405
361.4966473,333.4961307
292.4886642,195.597106
7.261133888,2.261593411
3.015941957,43.46243969
123.661645,111.6712007
3.187003882,3.701370948
2.983440648,35.22572575
433.5153401,3.239175832
8.396742501,3.331526541
408.948504,2.947952403
6.193469447,29.10668982
3.138378529,2.584456129
6.003269708,85.31039169
5.844694736,402.51033
224.2868889,2.711268116
0,99.7701931
264.6163311,3.092038358
5.301852438,472.0412168
3.803315561,39.85737876
3.224757752,102.8096144
203.2482189,2.38476133
112.0299934,213.1047492
490.4836541,79.46301169
8.520442305,207.561994
11.41441998,324.4317376
417.0273152,94.35950596
6.013319268,3.361919379
6.679496921,2.642190388
190.4639153,2.580331267
8.930035548,603.6495921
2.521128086,63.65495184
360.8943633,9.029274271
360.1479537,3.392856477
364.8118508,2.801864405
301.7302906,319.0962646
449.3948498,16.90126526
6.926034443,90.03382147
225.925375,2.728142437
3.202387759,56.38299131
8.796933384,247.6036959
3.303281098,2.634991373
639.256825,3.505648235
2.840448071,2.833168826
3.178210868,58.92139197
575.9566596,3.768096341
3.651332201,3.647978016
84.793759,93.59336425
248.7327592,153.6239325
3.290594643,188.7338838
90.50788635,2.497884023
115.1577847,580.730348
184.0002548,586.1174763
410.4534866,3.151186256
559.869548,3.509484668
2.673258472,3.343391628
166.033496,3.448029375
0,96.29439316
196.0886599,27.53742016
3.1658915,163.3160247
106.5405567,2.95143023
4.189073476,115.6055097
170.423676,2.733015891
27.56486877,62.18920133
160.9646485,2.853658191
5.985074394,224.6635322
159.4316819,3.627375346
5.408271094,138.5896283
315.0370763,173.6743515
2.559346363,155.0334258
4.102537582,3.002775664
6.172421431,26.88944221
212.1222628,93.3249225
636.2227624,74.94672792
5.787529126,20.28313839
470.7875108,376.9480447
433.2162149,91.41131861
512.0574527,3.612672061
238.7550236,61.10243499
4.739027461,0
359.7505353,3.548984373
390.3177099,191.9267989
177.2177997,149.331094
2.753853072,107.8239272
3.304088538,3.012355415
396.4302952,2.453917538
57.47705361,314.3460684
399.3919868,3.182708733
137.2582003,48.16903365
5.447826198,2.75056233
387.9455283,107.2055617
9.779861472,108.6359232
389.1389584,2.807299018
260.9490102,139.6779435
452.2178818,158.5610546
10.9308233,3.213911838
7.127385584,83.74348571
5.245690861,2.683401294
367.9757524,239.9827223
91.51432422,83.43939542
342.0043768,135.1932889
160.4118687,205.0875609
128.3260053,131.1671294
311.1258331,227.1787197
201.0938119,2.92574067
295.2716258,124.8955034
3.642533857,3.760621871
75.93613091,768.3674028
10.31605537,2.949327975
119.3634821,203.4309521
133.0320346,3.153374933
9.464667036,200.1704777
507.6435819,153.4555437
230.0798772,64.17260228
2.540591785,144.9606833
365.8143942,3.659529273
51.6953371,126.1936503
7.702858357,449.6031102
6.104997429,126.5034569
404.5607704,2.759355175
3.50343523,2.940694921
3.195205439,3.204984904
156.1309044,3.070476
208.9034606,3.548092658
7.452260575,59.17162268
131.2728161,139.3626585
247.5430926,71.73553689
10.04892786,3.192623061
212.0913918,138.3601103
3.084141379,87.4163456
443.2516867,123.7050524
7.72841647,3.50162887
183.4715116,187.8397124
470.3297206,3.897875417
46.00580769,3.064364143
264.1526107,2.912453678
0,3.429863997
4.928255206,127.6273058
401.2241151,2.753334752
540.0037469,2.907787209
254.0743005,124.9411525
9.86218396,98.56179466
236.9526101,56.18080878
3.847689276,156.9659769
7.647086151,2.795569046
424.8297251,3.163564867
11.99576179,3.642538277
186.2382857,287.791514
4.144264763,169.062838
6.285889495,214.4887494
2.858084001,3.320503155
3.631067137,211.4130646
139.8632142,76.43585832
3.128834048,679.3255088
126.5096312,22.18908855
3.012628409,229.9240981
5.707057181,83.72700767
3.36785452,117.5090719
462.7629286,2.804280746
8.518236608,3.066638271
352.2872613,3.102115119
6.364290198,3.346695392
4.767064817,180.8139197
3.650807588,2.8067034
10.26682576,86.25784342
372.3992287,3.297194748
5.853620579,3.596788023
493.8574852,2.156002583
267.5867837,13.53212767
5.38634709,0
429.8938264,90.80478062
4.015173447,125.7185627
104.999006,872.2009876
30.08932108,2.802041617
302.5751283,133.2027777
6.997856877,120.3602981
3.095771181,2.278252239
4.66207163,111.0201554
5.264383127,3.237481995
232.3202651,2.974452601
152.9720552,246.5353084
6.461666833,105.5951017
285.6382,75.10204982
84.05422,40.60238628
6.701394921,18.50581445
6.476286913,118.3999841
192.5944024,2.923809558
2.593792,53.29834808
83.50042349,98.85219733
3.95542061,189.6497404
5.582802525,3.628872031
284.1877745,145.4139294
127.9190907,153.1296957
26.54623987,170.3539675
128.4730876,231.8281017
201.5493839,72.8796946
275.7973376,2.827257752
6.618140263,232.5014757
4.982310816,76.37457761
270.1148186,2.777495196
401.4780906,155.3676465
3.37813747,85.30099242
60.29471135,3.042926581
402.2369285,3.352282037
5.30689182,152.4578728
4.085324081,242.6768434
64.58510701,3.326750058
0,2.779677268
299.0179267,247.9930222
9.488039892,3.110952649
5.12536766,193.4680768
131.6941052,251.9609643
241.4164058,242.1384404
3.268733004,495.1193523
5.130513047,2.93936376
177.1344506,2.435736613
331.5125834,101.8041016
3.249458447,41.79525207
2.491661171,115.9535066
12.2601147,169.6576925
214.9235903,0
162.241266,88.46459375
185.174159,136.2068804
45.07302852,2.985033746
5.292244289,73.41025009
269.7967127,3.283415066
84.82137046,2.319402467
231.7130809,3.086033195
414.2414484,3.36466159
386.4142281,2.887288155
5.068237234,192.0863764
82.92233959,3.531853379
415.0759543,636.1143573
342.5790726,2.596938572
434.7683409,26.41561938
205.1341191,108.9402248
124.0148611,113.4844112
3.271642714,66.28826731
333.1239303,89.94477383
229.4945013,100.8454724
270.0400636,83.56780648
127.3275048,77.70076222
212.8401778,0
4.461394268,3.634736872
5.467283608,17.69985828
239.2929123,218.8650103
177.4351837,177.9944706
419.0553015,3.011248644
111.2360233,20.22892769
3.655429223,63.57647382
104.7981037,141.7959968
2.986697175,2.781189936
6.597563787,2.281283015
8.482983402,3.82030183
35.71944418,3.172599848
4.719690085,3.055161535
4.99534073,123.170429
2.839597654,116.3956778
158.0601783,3.450840504
268.4525104,60.80059489
175.4659087,110.0906858
315.5587964,2.812126731
6.335935983,142.3595204
9.841380856,218.8974354
37.99861856,3.359013991
354.1733807,70.73260779
390.3843912,3.160250308
265.7782744,2.837577884
589.890804,143.6891883
61.03956317,234.5429534
8.454623702,76.47311628
253.3322507,136.0643798
131.1163842,120.6717305
376.4103368,117.2185707
4.929791305,211.0195929
7.339609584,120.1688026
7.76094306,2.98671105
245.14751,2.429404408
2.80403522,146.3577189
231.5332766,3.505074999
5.891914915,85.605102
131.9162691,17.02821364
4.42595985,3.336810214
3.507653605,57.02697845
6.2421722,104.9374022
10.88586467,250.3281377
6.355099917,101.2377461
3.060381025,2.486349786
221.5715101,83.11679017
9.037089152,3.277029774
8.540011212,106.2431043
5.141751177,78.74095004
248.4649599,3.046824541
5.220221454,152.3809972
7.117066843,69.11847798
6.67777039,113.7600631
239.4174394,121.8216307
6.402101929,2.682507604
386.6545617,11.18964011
8.982703286,3.458685922
7.666617651,245.5587144
258.8178317,99.44397461
102.95102,3.423536741
4.54168861,185.686511
9.276580488,167.1582993
173.5735506,263.0713218
4.330688787,3.753470776
9.814055817,204.5121656
310.0933815,117.7136741
2.870977048,227.8537296
2.898287509,137.7198237
139.4198734,517.0133728
10.47637888,2.431738614
8.694510075,2.960049845
180.0124994,3.632882456
168.9722057,2.511203401
4.995220474,148.6821994
150.66711,2.618663998
71.29816445,2.898310558
53.70855211,3.134756432
674.0724317,2.098992569
232.7562377,49.55922476
3.333235415,103.9315105
167.9185284,598.7668652
5.415156728,121.0649365
6.76624728,138.0342554
6.108642132,3.504414424
9.773720123,87.6704092
4.523379037,3.094759899
3.527097422,128.7568157
2.832119484,156.7004973
11.69292891,1020.941731
3.049929085,158.6887207
203.9294832,3.365576785
364.8814806,639.3158824
91.57819392,135.586216
2.624151989,3.583263673
2.995385135,104.7272784
3.614332191,18.5167379
7.455875794,0
212.7522907,3.234169336
12.38240265,3.052839963
2.880131834,148.3957048
10.09043463,77.60661984
11.19190116,319.4416316
103.2241395,255.3801144
0,3.127850056
11.27244342,202.4807876
81.82795145,72.72339604
142.2917724,3.501244051
283.373269,94.68987484
220.9349178,2.818432297
7.677335966,96.80556962
8.379622096,2.956502549
569.1959119,42.42077583
226.6285834,79.30416836
285.4242649,2.691460228
76.78467969,70.36438634
105.6707454,78.24424975
6.451516801,28.34858226
205.8665756,3.295689533
9.919553624,185.6877887
52.28760024,2.613261071
96.23165159,378.5427078
0,2.801541066
336.5414797,150.2763116
5.740153831,241.4856715
5.118804494,2.446321444
571.7929091,3.40266745
9.474369878,54.08527473
258.5362011,39.97916246
126.7088988,3.516149446
515.2756367,102.9196284
2.846682515,11.82224184
3.552189068,193.8884798
8.706659025,2.229062499
216.0316169,3.794292206
3.039594103,51.13337573
9.773303343,46.85954454
299.7127749,3.03267684
3.137995571,61.30735592
8.483767735,3.509389977
3.859655712,3.522200516
377.3683088,60.82062972
4.462246257,3.002172619
2.453440458,2.561148161
5.666052314,132.9643519
236.3831443,109.3656138
444.0955012,38.01399439
6.533943568,120.5537324
343.9629199,3.249173514
7.356820244,2.599027158
80.11303442,44.65532026
65.40965192,219.4960462
5.571962498,3.060164547
3.391881024,222.2748713
93.03862937,3.247818331
7.064976785,2.67941591
4.701405757,3.318699247
249.0164546,316.3921815
4.692611722,707.1542064
0,3.747882621
4.41294305,105.7688395
365.1329633,2.934875831
3.598089033,2.757312778
7.652375877,3.297165505
6.187069605,2.704121205
5.957823507,44.14819978
8.248487605,174.3175073
6.13859241,3.303892641
512.0821431,163.0118388
3.123327199,256.5369921
5.49370393,129.8463354
273.4360308,47.19765599
3.708139057,115.2090877
4.827548433,3.148184676
2.361636007,3.038416306
2.712780722,58.67875763
6.46281581,3.123656794
199.917244,153.9828841
4.226096296,191.6093927
324.1573191,303.0013018
6.530307169,2.960105046
9.367687143,3.722207066
3.379917243,3.725083668
331.5569044,2.429723029
2.967008545,45.83622541
2.998715582,84.04358217
192.3473183,3.227475328
8.879379773,164.4370582
7.886041379,195.5393332
136.1155612,178.2162972
2.953169135,2.185337379
4.300760262,121.7341783
20.07018122,231.0055099
7.972222248,96.02026612
238.0643556,2.717404136
281.5932916,133.2980244
359.9260661,2.798589578
2.861402523,209.5018548
177.0174467,2.690683911
3.898319884,2.475612345
8.642375622,138.1819632
169.2548514,60.6506855
3.354923746,58.4229284
491.8168167,3.770487013
231.598957,13.33617024
38.25478512,158.7135117
4.904810968,2.479871607
134.1169046,3.38677885
3.306322433,102.9167464
4.984670876,22.40766343
409.220925,37.75232375
5.991463407,3.111138099
177.9398629,2.830367378
10.59953473,170.0363969
2.786854831,2.674380549
6.391783476,365.7428609
94.73453019,121.1853667
588.3263801,134.0226462
6.932918972,222.1248945
5.040503035,2.567139964
329.5842306,58.39009261
250.2110677,2.504841753
4.875631215,57.71332226
105.9296225,2.874566308
135.3178424,3.21982184
4.805042984,2.53122191
262.5126686,917.8147277
270.5354346,2.704552475
10.34384277,63.88055463
6.520007965,3.29834675
3.643711215,2.90703154
454.7568958,135.8385304
199.6368065,2.836942352
224.1735683,100.8294074
4.843364469,2.808831136
192.6421808,2.320237868
10.36356914,2.470710304
5.19973272,299.9259528
8.632229199,3.517139095
128.7491838,3.127649626
2.776941097,261.7649895
417.5252285,2.464201332
0,116.7255948
356.3100031,2.515924136
197.9197786,3.456191227
227.3970264,3.504530977
3.40782259,165.6983459
3.655625373,117.5796442
49.83235387,60.07964929
190.8348833,84.63259851
8.607234337,47.32828291
2.943984068,2.450830367
7.504471168,244.4697512
196.990505,106.0603923
206.0612842,98.90013886
2.77362063,25.28221665
11.62801772,3.375054213
3.126214489,91.61428461
5.306505221,48.56107131
5.154599695,103.7818051
6.350351273,2.712711678
3.062857419,112.0955254
171.6820307,2.770010805
286.7181178,3.080436316
234.1060207,165.7420709
174.5935962,113.4276605
143.4466603,2.985896516
3.356679062,134.3215119
395.5885306,174.3151928
329.8048899,2.829459135
883.0830473,187.528183
400.5190168,30.94721803
146.4752465,60.74169078
7.825314869,206.2688677
2.592647047,230.8645279
174.2232947,83.22372023
132.767689,75.33314031
9.014483162,87.21657739
2.725084431,107.1763038
265.5985995,3.450458346
285.3518388,164.1106234
8.155739242,2.409094738
478.8851718,132.7081652
329.9004489,142.4863761
324.0798796,124.033749
148.2080029,135.4323695
121.3929676,159.3885352
230.5601947,242.3189184
252.5449174,117.2909522
4.947512994,296.4453001
190.1867754,285.8693281
4.248089384,73.39336895
163.6124382,0
7.257218478,102.215383
201.1832683,3.231232588
421.1060859,158.1642784
13.76026378,518.6504597
5.542096147,34.45509252
290.2208163,124.2685719
261.2661841,3.07149775
3.407600164,2.416367244
282.7021225,89.0239134
2.146762308,148.4480185
4.898154409,3.540260202
5.827554785,369.1466384
334.8603702,216.6756667
163.0342013,276.9199559
2.703291803,160.0819923
64.41118665,3.314172578
3.689832532,71.40444555
333.7927541,2.457821648
3.51416661,62.93733163
382.959176,188.1354194
5.397840057,56.61988457
100.881516,2.943210423
192.3553295,51.41281353
9.946108944,3.490733761
3.851018988,3.299265117
561.4872899,2.705748758
101.1890675,3.141134396
7.056378592,453.8856684
8.204736251,346.9944533
6.62503793,3.003844908
251.0109887,740.1988274
6.827699041,207.165396
2.990927351,127.2407236
2.951749598,2.748557867
196.7784569,25.58126157
3.128636319,154.4551516
3.152381667,209.830112
78.44780897,85.26547313
3.796480902,134.3765331
4.870285062,9.678037289
6.369330433,83.4549931
5.876688162,3.247138275
6.225127926,138.8893469
3.662442097,2.577484235
181.6381539,2.672444074
299.5301085,115.7902438
29.97950868,75.34316483
10.9461332,66.33903403
3.255216327,2.893423937
3.704997526,229.6681608
306.0979888,2.952449153
280.5873034,45.63856034
6.634606892,53.01575616
222.166573,149.885314
6.345860782,3.068557093
282.8488507,219.9557559
7.222878543,216.7286812
9.804313265,2.590573815
7.464192548,3.058667699
6.185009803,93.86788706
475.1560016,2.869484757
3.143509431,507.50933
2.882972252,167.1893182
7.150542733,153.4984297
131.464401,53.20194327
7.079305848,193.2785225
2.787031149,3.398124657
84.09204011,515.7020858
233.8476978,95.76601252
4.08451883,2.884028015
154.1113482,109.4851213
2.827943444,106.7930168
393.0483664,218.5601459
347.6729851,113.0681359
4.143301017,40.60759161
206.8965064,3.607947562
275.0096035,2.692745652
30.97230764,3.053319512
3.382152303,120.7888387
164.3109838,31.72287435
0,32.7907444
3.686770012,2.470903106
6.999893424,2.236877237
4.250033588,122.2762792
4.05331181,2.726687586
270.9923592,2.816583463
202.1783623,3.897891529
9.362187014,2.680800547
209.0630068,3.123024132
9.747711923,73.76928663
4.535403387,0
696.7660741,185.6223319
6.288210484,99.23910746
2.506607828,451.5197518
3.303251222,148.5779341
3.358926683,35.23380368
266.2997931,189.4854608
256.4216532,3.181251101
305.5681772,337.1960115
158.3921284,14.88316788
141.1091243,58.83920994
406.4600694,210.6366959
260.6204427,2.702652613
395.4880653,104.4482824
7.460939159,510.7615776
125.1730874,127.6451954
416.4314352,82.58300243
11.28312618,38.04356995
4.463976527,2.809405292
2.998025005,89.01257113
130.4005882,3.136105696
7.956675446,71.6934211
4.702482861,180.4408468
287.1734118,91.85368383
7.403795088,3.414365895
415.1272006,2.839679848
287.3560585,701.6637433
3.655803614,3.445508036
2.516395873,2.761723469
10.49268084,3.559487385
0,3.920632475
476.1316121,130.6235139
209.2453125,51.76920081
7.504730049,133.5893816
193.324018,2.554423636
192.4985895,127.2876317
4.005075662,141.1039004
0,2.344647458
4.937943998,136.6820269
206.203239,2.964581304
3.389655384,366.1006431
8.342991659,2.431346157
209.3299683,2.993616278
8.963954507,155.7943364
5.263818306,152.4144837
4.881513537,853.588258
252.3959636,177.9385804
324.5606754,100.1105703
122.2934195,3.682394306
248.722446,50.13290321
10.17654407,256.0716945
6.891232525,7.730341876
2.641949498,31.57920647
4.943110635,2.733287963
122.7921217,279.8192631
204.2724426,2.518883427
194.8877148,61.28547857
355.072211,111.3007749
10.92155161,169.9959729
3.515604748,307.0407838
7.535878279,100.9999224
6.862866325,28.31595768
376.2707742,2.885201451
7.43460192,23.93850041
765.0585774,3.141139812
443.7488676,3.256347873
5.093380164,67.37542471
418.8848296,116.4828614
3.978596389,124.7773705
4.214572262,196.5893334
6.177902105,207.4725277
8.737596564,101.8109314
10.04311437,89.96060611
45.93589834,111.0355477
3.237709526,107.1624616
300.668751,181.2625603
11.61690776,498.4401848
6.155953037,126.2473797
193.8428277,178.663262
297.8842419,152.3709325
2.936769539,61.03020747
139.936776,122.1330868
4.862746149,102.5902803
50.84957572,129.5516341
177.0258134,229.740752
4.430621382,78.26849214
295.180106,22.97300829
12.02748219,189.6426339
4.310910428,2.818796344
184.7390929,48.97019312
43.12663821,80.77468841
12.78377763,73.78966371
276.9653232,2.712097911
2.993783537,222.5423116
93.88543118,3.090577054
2.774856031,3.553302383
404.7183025,3.439902144
7.873723821,171.9871891
379.8167178,3.36860612
0,27.67913108
6.656278103,367.9759733
5.466664819,239.9606118
41.25360186,3.724484573
364.3290506,186.7823958
3.431917998,40.84386767
177.0886217,2.214995078
108.2884474,3.209796833
3.081475317,100.4119291
208.7761635,3.148160556
3.208409957,180.8964401
5.246743648,571.0255055
2.53553691,3.510311299
5.9746815,311.3023131
7.492205598,2.656888629
6.531150559,3.292291713
13.71701601,533.8978848
307.2428367,85.13815573
357.1463693,2.995908979
78.17530471,232.1979996
2.599951722,168.6908611
5.790820283,3.057268264
7.644241127,3.265871316
91.36498238,42.66031498
417.1953625,176.6951002
4.350550482,3.694145694
4.635560526,3.516465325
120.2306463,3.144715683
186.5755971,90.79804732
85.11566255,70.44525008
310.4890439,3.480647452
106.0423155,101.2695014
160.5786577,49.6281514
209.5321042,58.70964169
5.928480317,3.521767448
27.96823086,2.307294955
264.3257974,2.981352636
58.77648984,145.6120624
293.4057748,410.5579451
4.459618334,200.5931772
6.023214394,63.60454372
7.518388418,143.0561797
5.580519936,435.454539
264.0196802,46.31064736
297.9499477,99.65126743
198.2082057,43.24993322
6.403870066,118.9891939
6.264572651,3.514328162
8.782615113,86.35268257
25.06165463,3.087039043
6.331781301,147.2598891
190.0749091,3.187575001
6.808745991,25.73731448
178.1287843,314.1998662
2.123164405,2.229488765
208.4722133,2.742783027
123.7266679,49.20517551
10.17040005,221.0265066
6.788981215,9.800753279
331.4230468,0
301.7220273,2.909017131
174.4401426,3.533533897
265.5117423,3.079735213
90.37000351,111.0505748
148.5134083,3.119164346
131.5784731,270.9892535
2.826792844,2.544545313
6.916379978,243.5819879
366.7587835,156.0516896
196.9547159,0
13.83026312,2.945803799
521.3419647,906.2768981
378.7551212,3.26241861
5.21333934,99.26879346
257.3197081,193.7143238
2.517774241,116.9577384
245.9399689,2.884546448
5.370637394,46.53975749
55.95177353,3.088035236
8.35498209,166.9875896
5.042606071,3.18986189
2.817066988,3.035015203
100.4669268,36.6381683
453.3090766,483.4605099
7.823340096,3.821434886
187.9460725,78.21649203
342.8394866,658.8763046
145.3580428,3.046361552
304.6828233,2.467845652
235.3250554,189.0778243
511.8454207,162.8988632
3.157931353,40.53968299
62.65492012,3.072823437
5.351278117,67.37006432
114.5067193,207.8667302
88.04709302,85.5879791
362.8493239,83.92052814
137.2364088,84.70433223
337.5871373,11.58477628
417.0656348,65.47870325
5.969085597,2.515872138
256.8959652,103.6979
183.6761099,232.662128
6.393839355,3.361366564
140.4521411,2.502259984
407.3664737,3.208481223
54.85853268,45.67236474
126.2264069,3.028642917
6.404735238,107.4782703
3.339043069,3.61070751
6.012887339,99.46173505
102.4659141,111.0595169
8.195296303,3.403463207
129.9031356,90.91438679
2.315379038,2.193266305
8.82513807,212.7495502
259.9403534,2.426061025
294.5822821,112.3435684
3.210444425,2.284470919
18.23243745,121.7830151
7.216049845,3.629877716
3.025422388,103.6337761
15.32152109,83.97568109
114.7954747,176.3581817
5.82753916,70.20324322
194.8523964,151.3329145
258.1164256,81.39098299
7.271850476,2.702141793
2.417461454,2.814220528
562.5103829,232.5033343
309.5712572,2.312945426
150.4783088,2.987827543
8.708544438,195.5905291
3.418250214,24.07981721
251.8522497,201.227982
263.0005531,32.85265065
5.551904795,95.05290748
98.18132826,134.4652747
9.784742539,2.949151973
558.9941095,3.526819761
103.2477949,144.8101291
145.5730901,139.0309246
5.947734603,2.795361026
4.423835482,2.889070259
358.378209,4.825166542
5.207473881,121.523318
3.45232413,119.2520027
4.66668707,14.21729743
3.394090809,785.7927864
6.088659465,2.427609209
4.022303081,3.031261919
101.3668086,31.47241858
121.8386794,196.049894
4.207289342,2.733024557
66.83719556,261.1742112
230.8035576,202.096358
245.182181,319.8571011
8.016960125,46.98078558
3.21861802,15.02942288
55.0612413,162.5379566
7.966642721,104.6932192
61.55534092,157.3553894
353.1504918,182.6301071
227.0981147,153.1721582
105.5718128,2.691486175
345.7510541,3.298746049
324.7695016,213.0399265
6.435274409,119.5717679
120.0383353,125.7618028
366.6269849,78.59967718
7.823852387,3.451860902
321.127601,2.695505777
6.680418003,102.8471972
363.7255201,144.4343717
10.96763957,2.718836454
272.1282728,112.0764891
2.554319063,177.6268637
118.8059425,3.420672102
8.4948883,671.8590667
5.507361357,3.556151335
6.578652205,121.0766655
12.22015201,3.435029311
253.3539713,131.6591408
39.83238362,70.48022084
7.705842545,710.4791026
3.194666287,402.7359985
2.670966796,234.0261112
344.9446676,3.299045216
9.633609341,3.631614497
82.69031534,380.4522352
2.811134409,3.465462134
160.8298258,157.3920296
133.6847537,170.5130632
194.4123594,3.517578778
10.56884211,24.89797811
270.2975092,3.002007852
204.937612,23.59365174
432.1580382,115.0250634
5.095037557,173.9427411
8.756036821,324.4249812
394.6040104,3.818040398
8.278912447,3.426581982
544.1624824,2.891654337
459.2784894,93.56202173
244.1755806,185.8032653
3.551917028,82.11034276
512.114133,182.7676118
255.8101898,197.1658447
83.83702684,26.36240264
167.0125618,390.3639483
288.3670016,188.0525487
243.4751404,249.9819521
155.7114855,317.2275141
81.14308467,3.45367216
417.9812077,2.080685999
4.51218644,2.89363211
253.1786596,2.945354193
4.984023462,2.927839615
6.541359457,3.648119588
250.421962,3.993603174
248.2302269,3.27921928
340.9267359,185.9794524
250.3735637,91.92054477
7.896463721,3.012945532
96.26722164,194.4860261
193.7123648,98.61473573
334.2209724,166.6523688
516.088937,308.9941497
2.366962992,139.8724606
229.360842,3.580156569
105.2923096,109.1460572
9.799200369,2.464269931
228.3801018,118.6901893
7.617895876,3.208666706
3.155096145,65.89531968
3.311817098,2.565143838
5.873455549,90.69815737
397.5246207,3.035843065
102.5258778,22.14633948
2.719948511,304.0373922
4.475570559,113.0287894
5.787356787,25.14759188
485.8141633,134.9904297
6.605768128,50.471056
9.235973053,199.5161635
4.183316372,3.187330907
5.560323808,3.060112874
244.9330057,2.805329753
352.4222705,3.224117842
6.987800923,2.490503299
7.769897946,211.5183564
230.8118164,65.41938731
7.89378093,3.811133248
10.40349038,165.4863502
4.757597852,203.5987658
2.376087768,3.455961678
308.6364979,2.915653427
313.9444099,3.593581772
281.2672891,0
121.6961734,60.38027139
271.1035709,83.36725007
88.35120339,377.7917467
6.026817345,252.6170791
2.670067976,42.6315813
183.8068913,2.958816055
42.05008514,3.091542016
2.778893466,2.283803595
3.187601399,3.238159531
217.982658,215.9487129
330.2474855,18.65310496
150.5115403,128.010345
220.1026645,3.18740997
103.1459421,2.156976009
10.8231435,54.36168055
265.3521929,103.118185
223.3169336,3.615819662
203.000681,196.0150149
37.27580843,3.43886205
214.1281917,2.995899027
417.1704573,348.8645638
551.6743471,564.4440056
272.2140421,128.5927911
45.07453307,106.1246243
3.093190141,157.5601122
4.242814546,32.55766796
12.55548346,396.5639174
14.66118245,103.911947
4.567758178,3.394066011
6.512886979,3.373360256
189.8549186,3.619678589
2.827919911,3.410995238
2.933133875,87.50601454
3.006191899,2.673174764
3.237438537,2.758641875
4.573157921,3.219588656
8.700785508,2.4791517
3.234865144,52.84351786
311.2045638,2.425119
87.44682517,3.154563073
321.9594864,2.745386889
239.7076966,3.661784896
3.564161449,2.363675793
11.25296334,3.247506112
298.4202848,2.728944252
6.894812419,2.744230188
8.475985421,93.86259077
7.090422706,249.3165783
350.8985481,3.077995885
355.727394,319.7193493
144.5519469,2.598019009
10.35846062,66.52829486
7.223335539,27.61994465
5.623552437,318.9199326
328.7534539,756.2721178
275.1484158,28.93885825
242.4755979,3.667597613
170.4024783,113.8812031
290.0331695,3.228005471
5.639628148,2.894073527
223.7048875,86.94155477
327.0005626,2.402897514
7.357851297,474.449307
139.7357048,3.103102262
328.7516164,3.33495138
6.972179859,73.53633652
301.3667975,118.1625512
4.054256052,140.0401762
240.4266135,3.262474712
457.1224292,750.8275667
3.283210781,339.9850729
201.9551512,220.0380878
149.2369549,2.643708996
261.4591991,49.42393915
10.5451461,511.3795337
376.8010563,71.174016
5.183610655,3.365938889
252.6285517,50.02016194
351.0440329,134.4550225
2.955654123,371.2556185
4.063124706,188.3790161
237.0531455,87.06324753
6.635383109,165.2930931
198.8063445,2.463798865
384.2357839,2.90543196
181.3925447,3.158735944
150.6148699,2.948417159
4.791798297,33.55288384
5.306549043,3.492437768
69.88345817,2.647098669
53.90881286,52.71126246
199.0891273,107.3127944
10.52259848,3.205900388
3.664852644,105.0050899
16.91105732,107.9045694
432.9887053,2.204663941
4.293935087,110.4545444
10.84417452,236.6937509
471.2371428,2.892522424
334.5390543,117.6006777
72.05713817,2.20615985
340.3914958,228.4528579
346.8549052,284.2120353
2.972774617,3.073940229
8.842949104,142.2885827
6.080342035,3.157031911
105.2979489,321.9774181
3.359933486,9.329470843
2.366317163,3.132393814
125.2373633,65.41574227
222.9121346,74.69648533
5.490968896,3.144615232
273.6528092,209.3485906
8.784263025,2.46875692
8.028894497,896.2056404
6.403170785,499.0105634
206.0879771,174.5844956
0,20.47993655
111.4112631,2.987574742
6.42660788,255.0719832
3.712603568,28.07236969
6.059104954,59.07234501
412.4448402,2.833289015
5.7867761,3.058794843
182.1537262,2.228574009
264.2035336,53.20861192
243.1763083,3.796185933
193.7248975,3.172041739
9.505053419,845.7857202
312.7501576,77.12503002
293.6406693,94.20044649
33.31231554,149.6786889
2.773227737,3.627659912
401.3290163,174.628827
10.03485848,2.55584222
607.0522077,3.153463345
256.3204968,170.2275457
0,3.389609121
475.1464352,258.3019272
428.8593297,197.949946
10.65401426,3.002950439
255.1821446,129.5188114
365.3072054,3.621926512
7.383659946,0
3.659904887,3.052141482
371.6244627,78.44854616
6.327757265,2.97595559
6.425510873,2.593237225
207.1167504,72.98885363
4.418832439,127.4175146
315.2928852,2.896534785
8.889148465,125.0723798
11.23634012,103.693649
306.0717809,3.060964102
516.5635624,73.14056512
261.778451,90.08475822
0,283.0871746
8.079845402,3.440361672
304.5701912,189.3855801
4.141420157,2.969484575
156.5202117,2.863353018
562.0026735,3.383965842
342.1558359,3.343494436
50.55019957,100.25209
4.450478915,499.1639643
7.96452616,2.77801858
263.2031242,170.825336
8.224327048,145.1572571
332.7690073,155.3063017
2.598063129,39.98530759
123.0039371,76.56131315
141.7300096,442.5043362
503.780388,2.915294473
328.0929253,137.8276203
4.54221226,110.931751
6.030435179,153.9978999
414.4565511,266.6634242
396.2711605,2.88161941
2.241104317,75.3235793
4.812222393,95.27131031
2.742758293,182.2081321
2.919430233,269.3690926
22.98278242,3.276765641
501.6768025,3.215600758
271.7293311,260.0881645
12.62801658,57.08808175
5.422002905,636.8088785
259.9764452,69.68520467
6.355078973,13.35760565
30.84295592,51.71158782
4.259419926,107.4435657
254.8831317,0
13.26844233,496.5953806
8.914110012,3.571688232
315.2442405,140.1439062
242.9288898,142.5908029
3.342423438,103.0488322
581.6364102,83.52965639
3.130823744,3.283505862
117.440826,3.143075423
496.74097,72.13671763
13.03581547,366.7846262
9.459708733,186.8751232
9.768441125,151.2802484
7.078244182,2.713513014
5.54203404,86.99577163
7.864384179,3.000457157
11.25241174,264.1297893
4.787302982,0
11.51813192,167.1028504
4.737534563,261.1411968
411.8455386,221.6290718
5.52792276,662.9164303
9.793393664,44.57991126
7.979026915,150.286948
3.215517209,285.999289
171.0857641,3.005444669
4.732612756,92.81653282
6.339629157,38.5808468
92.74951933,3.331994049
5.031766654,3.679192744
3.02865064,3.127360605
7.650267673,157.3258566
218.1840698,0
309.8707558,165.6804565
11.19356891,2.932280175
151.3990615,3.430571907
30.99276032,117.8925254
487.0919075,3.252396796
195.4659276,174.1431233
267.0211069,3.165707719
6.012097368,115.9997671
2.621550566,3.567418547
209.563907,2.784298634
103.1714094,3.182558313
291.9928427,3.229100347
451.425398,3.491350814
414.8476014,32.29260998
175.2997908,97.31923984
520.6857289,101.7968613
12.28533518,67.61452227
472.0461766,215.2369314
210.2366,82.85447059
136.4841493,2.690471834
405.9818715,3.213931854
269.4170342,3.540229886
6.009128741,2.948325092
0,163.6936159
180.9174362,22.47896515
114.4757779,264.6157088
6.48515493,2.612207616
0,144.6254178
97.08270075,70.75222163
3.049139915,3.661501649
430.8759853,3.40209243
2.476605294,149.9383206
4.12525195,2.533833487
225.4116297,2.319718843
115.7112332,3.421634582
346.6366197,275.1207694
404.3027082,803.0598521
77.15160509,168.6965995
9.970754469,144.2266371
261.0843541,3.104481257
4.961343175,202.0688796
416.6864602,3.033503955
203.4669685,74.23428777
319.1233915,3.240212124
116.3077315,0
4.710496262,327.1290385
359.614555,11.27198073
108.5327365,2.9645413
252.4821892,201.721394
236.8105294,107.8907776
94.63213568,128.3809082
4.902610398,261.9524101
198.5064822,2.037337605
0,62.64610369
9.356130496,2.622953458
3.209391999,150.5497896
267.8942858,56.79185149
365.9687851,9.690508228
194.5868495,2.941217916
4.68764722,3.628199498
0,469.5377955
429.8932444,3.322140423
175.0342684,3.315719043
11.89640449,3.477321749
385.5983209,2.506488063
55.16629372,157.9020996
3.132956536,121.8713312
3.509483498,88.75093699
220.4843199,670.2260106
200.1975875,3.156006142
4.529761411,67.44859817
124.320293,187.8466845
379.7386688,120.9618003
150.2006202,2.77410092
5.114521279,67.8471402
558.1678968,3.716691837
2.93105831,2.250247712
266.0728325,138.7194163
190.29964,198.6087349
7.399932966,171.5988775
374.3892174,3.514618461
107.0168536,2.934938917
213.021193,3.480615677
2.989034348,2.781729232
6.109674746,99.86544626
8.997448213,2.98522779
426.7072052,3.131091148
7.346181994,0
376.4104559,3.664753527
292.5541338,341.8492459
353.1513812,2.92835563
6.217328562,11.94645827
41.93695912,3.237529021
228.2246766,92.35951184
3.694623936,3.369923551
162.4282808,3.785179721
224.2780089,3.419715282
7.816057742,2.731686594
5.874819675,139.4774412
14.06754404,328.8109926
342.0358772,97.4706416
180.7030086,159.7236735
5.833929295,3.179243187
9.430264595,3.264801537
6.995156415,3.01561101
341.3512406,85.27426336
2.731258037,161.4433775
8.093414834,2.518436323
55.36944842,54.32627104
3.84848957,533.0018316
8.10420493,3.273314364
465.2273442,2.385098915
7.621183283,3.152077212
234.6622459,3.433399928
7.029090899,507.7807955
2.810135321,127.230702
3.289717771,182.4276642
237.3969788,2.956705995
2.236641024,178.3266844
270.9524115,2.236457609
370.5134881,48.01560504
37.78564964,114.0555358
6.510263055,190.7988977
337.4590905,230.0677012
8.733845237,3.043315654
271.8295427,2.512285874
142.8405786,152.1390169
3.009245207,2.875900171
7.638219279,2.448208437
2.790153605,99.21299033
426.7001991,38.30860785
6.098748425,3.493266202
2.157681432,48.34162482
13.56077044,3.484096286
11.9617135,25.20179018
5.049534084,155.483995
3.310899135,730.0397708
158.8673618,3.750388712
492.5215222,99.2218326
385.6257457,14.35991743
54.46972354,116.8495952
3.913181811,2.838614427
203.3683047,2.893038246
253.8847348,134.8740949
2.994364974,58.52073123
428.0557935,87.81611237
296.268231,141.1001185
223.4094017,93.87181829
4.634319719,3.076323494
6.517143534,108.5520665
182.1827093,603.2601811
52.7796953,99.18835169
173.1718928,3.02448228
265.1576344,731.2362265
7.195754282,24.28890975
117.2520398,694.8032797
3.047227107,3.32722134
3.987891903,3.128459996
10.33840495,2.814101562
7.311650311,165.4357194
554.8775857,2.713406413
8.961211675,2.808523606
2.853566104,3.890090619
205.0389931,150.1493296
6.003928524,3.022380491
99.02492292,282.318592
268.6163946,2.637289131
125.7032936,2.269038683
4.203612481,146.844519
335.6187475,2.566386101
6.270654757,359.3318043
11.15904932,253.343931
273.8240832,3.15601805
419.1044509,69.58597157
5.579666833,3.095465385
146.6394094,2.363680177
286.7843573,4.641686216
3.098557147,3.255883956
2.612841074,2.411528295
7.848957635,3.130015881
246.9650463,97.55935987
7.783199134,2.704790928
9.642746373,214.513383
146.7818314,40.9510434
490.532902,40.02960682
302.6539661,121.920792
9.987328745,3.939230816
257.6366696,2.762944908
63.12085425,238.1641863
348.1389389,2.908472563
7.27588234,2.916646326
589.6301684,118.4551445
2.068476224,133.5635259
297.8917322,194.6726298
4.054616784,48.45566856
364.8257736,63.53186726
391.5184522,231.5606852
10.91239698,139.1659249
3.131731397,41.03836618
225.0918639,39.90452846
171.0237645,453.8499616
82.9637413,219.0090981
8.628860597,3.10537043
3.545537321,3.13556135
311.0203572,3.393508354
6.359413945,162.9897271
252.0428691,20.98580921
12.13479245,5.118529342
420.3571862,134.7965074
120.3919097,162.3571185
7.095249753,102.4473777
7.49831014,147.7896694
16.57432339,0
79.52616536,100.6786844
147.7806293,2.542059381
10.3849662,111.8909039
2.342282898,124.9081525
288.4040621,136.5017633
244.0854007,118.0399669
572.7463353,3.448405435
87.38674531,3.392401602
3.782216919,3.097880255
8.120995829,496.8121169
12.59113649,2.544190574
6.304298993,34.27994871
2.249966007,49.79903592
57.74749102,90.43544993
4.360533328,3.264290007
7.04293898,2.49133268
195.0021091,59.25207385
206.8652599,3.198033953
6.164407157,3.249139407
126.4036132,2.692948344
17.94837855,3.262053703
213.2276257,137.1004669
278.3489314,3.673930383
187.3376567,173.3428027
111.776875,239.1031941
3.191638563,0
331.5525815,2.610984378
133.7267017,3.537250255
197.6747935,127.8199584
6.328926475,3.182923992
5.420093895,140.452087
349.5925954,146.1205845
11.43280902,60.21608811
709.1148849,3.303747295
247.7174881,40.82759546
947.8889856,750.4226196
61.52657883,2.406430069
340.6370756,114.6502962
177.6080793,3.083542343
315.1764188,2.644954105
6.617803937,123.574378
104.5255684,2.994104543
514.6514573,80.68040486
6.874000471,132.6838811
310.7315613,32.68767635
3.221253974,133.6512603
386.285398,108.0639518
152.034372,2.926775253
3.077034905,64.8651551
2.973730803,2.988091691
221.6665007,2.856836487
379.9167588,110.2011444
341.1570027,663.2969799
7.43354214,3.039800757
62.83538298,3.304506369
10.53777647,107.5327805
4.797466659,132.6041207
454.747064,159.1156295
321.1633662,2.977767769
218.9855146,3.514982875
179.0279122,220.5333481
203.9487861,52.67450622
62.63865472,178.6232446
8.438770617,187.2430722
290.1963819,120.2435092
196.341906,695.2777553
178.163421,184.5498542
4.572970504,2.946862399
11.8468288,137.470067
523.9644372,3.484760339
167.18012,115.4536609
47.90530845,138.3686202
9.891502472,82.3455236
166.7769654,78.01112142
139.1343973,2.13730331
4.976080195,413.4793933
5.448362007,29.59256683
8.316467245,2.374918004
261.6220735,3.610660348
5.936175699,3.074216087
0,587.7819244
6.312947056,335.1508538
2.232532165,0
68.73241611,699.2599057
3.555501049,273.1478029
347.9615895,2.629907613
229.1206105,229.1307525
7.407381632,193.953969
6.481965718,83.54944069
6.024255748,243.1748642
73.35856924,3.062981131
634.7241569,2.937063055
53.20927111,118.0845673
251.4349998,3.22635845
5.165598329,210.061647
319.9304488,3.617501816
7.51725164,45.10375295
92.29920732,2.75613586
235.0396891,760.0526097
97.30150891,89.35232885
320.7959442,3.292657935
343.3577693,45.09929015
304.6264051,187.9781462
2.680776862,2.882969013
5.142325258,3.593770185
244.6069634,260.9124044
386.3411546,2.245947565
3.732450728,129.7394355
11.10790425,123.1917033
7.128089816,110.2763694
7.401427537,56.71391298
268.1384388,2.544275576
163.6217905,50.06144303
222.0809857,3.127162582
4.825504319,79.77655222
149.4762462,105.421248
9.153614419,3.16225127
3.042775388,624.3787834
171.802795,98.18930577
241.6713576,3.209201092
216.3456598,2.705065109
71.63953659,2.199317706
3.001577162,268.3097363
172.4628749,16.5521112
290.108177,2.459394143
535.1142132,74.79322519
295.5573658,214.6062047
457.6773468,2.832607608
2.668831434,3.774981631
3.007760078,2.994608075
485.5433172,72.84577664
13.66145634,2.999692091
233.6109742,204.3422626
7.08543279,309.3966428
8.722939981,41.47768912
447.8171563,2.674137679
13.21556796,2.44080589
176.1628282,3.624848316
6.574844445,618.9674201
8.941917121,159.2449746
332.4693297,189.132171
361.8907145,474.2952244
6.332023023,86.66381632
363.8809763,58.00463417
172.0953095,2.950477137
187.7620761,95.7524996
430.8845188,3.311509585
285.2163462,383.9807736
12.68143538,14.37367544
15.87290679,3.234327145
177.1439136,3.550999362
310.3060085,331.6163302
183.1573749,203.9575818
4.690682856,3.875094702
35.45218153,3.550997354
6.948557044,63.71585537
8.941060921,109.9125465
58.99948723,190.5966813
67.32379401,41.5740385
305.0364883,186.1150215
124.6488754,3.379073113
173.7560498,163.2537639
281.3618868,57.64872192
548.3301749,182.4196631
258.6358201,165.8131088
213.1104537,124.9658182
135.0884872,126.3035733
281.9573745,183.2823631
357.5830631,3.199009579
2.307561094,43.0538869
0,NaN
6.68895294,288.426581
2.628637848,28.94932656
6.384585033,2.644282583
194.6555524,134.9493236
5.931227783,3.883733757
258.6897418,2.87926849
29.18749555,3.595346768
8.356891304,181.4699009
33.95431989,195.1214352
316.6855894,2.978017028
253.8534986,108.2701385
409.4323325,366.3663725
358.4757884,3.031296527
11.43270533,31.23018292
180.8798345,2.194135877
6.295981378,223.2629023
297.861459,230.2676485
258.3342909,2.964417194
4.603804226,127.2265564
119.3918795,71.69709975
10.62927575,177.7582094
261.5739058,224.0376018
6.1015424,3.542070978
435.3288918,92.27130503
3.222589372,2.994265967
4.212784582,23.60516172
97.20262337,264.9828133
151.37606,3.546707707
10.14622199,350.5302335
6.163915794,312.2475755
365.8076785,66.98379375
274.9362937,94.30114551
11.85238943,65.02149645
10.18567668,152.7346178
80.05407717,170.2116627
551.6432504,3.597672672
245.1841893,215.246567
107.1601349,3.06787141
7.190710118,122.4990206
426.9178043,3.526574154
380.7858048,141.6316579
229.7611476,233.3059193
241.1683122,751.823164
4.532632268,179.0822574
56.92883154,3.006010126
7.771102923,89.73498927
3.601934225,3.112372571
223.6500627,437.1089014
8.765137907,178.8737193
2.690306543,95.66196908
7.101151151,263.9949457
207.9943497,3.250909115
150.4595278,3.490313414
137.557725,2.169480736
12.02988072,124.8577353
6.842474252,183.7712294
4.299344977,34.68882802
3.951438909,8.82237513
256.8103885,42.05275688
571.2635357,313.4535421
147.6028818,81.39630862
5.010008862,2.917169071
201.175683,3.032948322
220.5498683,3.101324243
296.1614492,2.717084646
357.3602467,3.205926934
3.413917448,32.65609425
202.4450147,84.92900541
249.7237324,210.1375791
145.4074081,2.510047233
5.401246043,416.580656
10.99586544,90.9127098
39.51276457,2.578821219
97.06562862,567.7951568
12.44308293,3.303624064
8.376673708,2.865844505
7.36357957,543.1403415
2.967951475,19.04721229
124.2765171,124.7851593
5.808367394,279.3063311
2.669969816,97.33843764
361.0391838,127.1358931
3.138978221,97.10078436
39.37546002,25.68313088
364.4933351,0
12.74053428,2.902459428
3.232151808,2.639100099
316.0183697,2.987251702
6.977279072,70.75987254
7.508914087,129.9122988
228.5764677,104.3565127
3.926951913,392.994594
9.369917881,52.04458575
7.305799128,186.0053703
389.9766416,3.168285508
0,3.5091777
3.121256446,104.6577817
260.0419912,56.60819273
395.679578,2.627298423
2.706176956,643.8311574
290.8424492,3.452350373
5.688556558,18.94576914
347.8332353,248.2292138
3.470803743,374.8757263
284.4365746,31.01982746
2.954641837,3.085291808
293.6602616,158.5895085
397.4810656,93.7693306
6.981296603,2.957724211
504.2021166,194.5707189
4.864813864,3.095437131
2.977513048,127.4644084
8.89878858,389.4686328
260.2033717,3.178067823
2.843655376,91.97091252
293.8277241,125.1535897
74.13342333,140.0437941
167.7036968,2.75254266
303.4666018,30.75139358
600.68619,2.825023495
7.940130566,119.8327976
5.842936629,3.353493971
2.653401424,137.55094
464.5335174,228.1470763
139.9478541,77.37378313
5.11522875,3.255637772
5.143896932,195.5773645
2.725228032,105.1523266
132.4764575,156.557503
219.4235341,122.2021014
9.9525986,3.154664573
95.57596002,110.9920703
421.4725328,109.4472028
96.49633768,2.130720985
9.975186189,2.346444793
396.1023304,150.6287643
5.270092076,129.9816669
4.659743661,3.049117051
10.27283357,2.815046031
7.829691187,92.11900433
347.4205756,252.2149323
149.9182185,2.388871808
11.57205651,2.644821046
198.1563471,3.649585813
3.909982278,246.6549204
8.452000134,2.910091518
319.2736548,154.1782904
288.8603645,3.635272991
289.2854478,183.4876868
2.761322788,213.570247
300.4625593,114.5525183
3.156315635,81.52104072
272.5238253,106.4923544
409.9546389,221.4993806
4.759838126,127.3949909
9.714680201,54.09532166
6.427649892,194.3730992
493.905487,2.362499271
5.008233491,99.83899981
8.18112069,212.5005337
610.3338746,3.29564936
2.917567903,2.42629497
353.8117978,2.488721711
342.4621716,345.8702234
103.0692443,111.7126117
226.0711696,3.829727033
87.45240086,260.0342407
241.8652409,3.335678223
41.6289102,200.9044773
146.1409559,2.936988866
6.583218042,235.4146077
6.756368549,3.630180851
3.365706143,54.94636448
8.532034723,86.02969125
235.8216627,2.14485269
6.711258091,59.50379105
257.9970225,152.1070275
24.78228797,87.18038685
8.692755628,2.739031455
388.023028,136.1772693
5.09593599,82.51039278
294.5234697,112.2482239
234.8107893,64.49485646
7.239114179,2.649687925
5.716473252,2.70682455
192.3502832,139.8900345
308.0174267,179.0107548
133.9906565,3.074654896
5.642769762,667.706732
7.326388591,102.1855176
12.14178341,67.6933493
426.427611,3.154084478
2.709507386,135.4104989
4.164501476,72.78148022
365.9505217,336.6928035
3.642006081,122.0006842
3.119142738,762.8491608
361.7193765,629.7824699
3.162480823,2.908605363
5.61205652,269.2429697
7.133553539,54.37817575
50.65518818,100.3643614
244.6086314,3.080200872
8.733236104,73.67426721
281.9389311,149.7626054
3.34011654,2.953092097
193.731954,482.5079009
216.6753764,87.99563679
9.707321191,3.418429016
47.44361684,366.6867214
3.358373681,141.206973
2.576233443,137.3861589
2.694324691,2.990986176
2.846067893,73.18139606
257.5119981,311.5653614
7.470130879,101.5768606
112.047982,0
3.880185566,54.59572472
300.0750997,321.1883718
61.86645531,2.803065051
11.54356656,195.5723386
3.456373524,2.21764679
212.8027239,129.2184604
4.093266739,2.728752678
122.356981,68.93740112
208.1833776,87.2268757
5.580318277,458.3003567
10.42501814,39.06516418
206.8337617,75.80926751
7.625002648,163.1019097
187.0607945,53.78782425
11.5972944,3.093957279
5.336932176,23.00324355
9.836372928,3.235584668
407.2012232,50.026248
2.481758782,3.352236231
264.8075824,21.06152133
2.639745858,2.800414903
523.4571957,246.9945126
603.793341,87.28103095
5.864319969,345.0026661
204.6768164,176.4331582
7.22845686,2.449923789
74.20244955,171.2566241
5.399407748,28.25018843
4.302201346,512.4118929
3.311625941,185.6773128
140.1459945,239.0645436
2.441511373,2.801089915
23.42900927,3.010180135
390.2980142,172.6592863
548.7679637,56.4790419
3.448835509,140.7786821
14.49216719,2.566480605
158.7741142,2.588718662
2.697269438,3.361424068
293.2402018,35.31653483
335.1980006,86.77372484
4.852296053,3.641343668
7.448382413,2.777051311
230.3178203,60.68187059
232.0543804,75.16334774
2.997779151,3.451483885
3.967637718,192.6879425
242.0333841,67.69730704
173.0421316,2.583038203
3.237468391,151.5891595
7.388785597,242.234733
591.3804335,44.32091727
99.12142341,174.2845747
643.688251,2.544383111
457.7181162,3.495033043
137.3013379,239.323537
366.4235757,70.24005922
4.254720403,241.3716212
349.8926539,3.131811017
4.154033304,306.9395647
47.61580193,891.9582636
4.265722296,28.41749591
3.621639168,2.874292026
213.6182807,38.58317898
286.3607998,3.20740581
11.53688046,146.6926549
8.221568527,176.872063
3.487090254,243.529992
236.1249899,3.211791209
646.8079189,191.9396434
55.21106955,169.2024319
8.499886289,155.1096517
8.356739914,286.4197228
129.8960502,3.264212838
17.56038882,3.595510898
7.543618947,3.000921321
2.509662464,3.704849081
104.3632456,78.37947996
177.4791338,41.23666223
7.501726808,129.1679147
9.86772239,15.53127873
306.0581044,3.544307741
4.421752478,396.4648023
6.350349877,3.152182401
423.7898,71.81731083
2.297458999,99.11911576
118.5252336,514.7610615
39.16099339,149.5198401
414.2809596,49.9232286
291.9824449,137.7901626
284.6731874,51.31849948
0,27.72410899
270.8104039,57.24164035
243.8412555,218.0953398
241.4767652,194.81286
7.506515373,248.6266331
99.94668974,3.505196113
155.7971453,2.740410415
7.73969747,2.27349036
149.6207293,3.074165851
558.3885423,65.13803918
5.917129667,128.821944
3.582051234,3.703092768
289.7992203,95.79519341
9.418481447,146.4702722
7.676332731,3.148876477
313.533582,71.1035484
269.9036004,204.0586268
330.9680413,3.309456061
305.3502907,118.9640572
6.495479654,3.54466024
8.174495765,3.523466211
167.624146,277.2349085
296.6537111,2.250869879
60.23933374,72.98757467
7.439842269,100.3290598
118.3947004,42.6192756
267.0425217,63.07399387
6.752708513,2.932764538
178.8780478,2.406223277
2.745166497,503.432904
6.206626111,278.6055181
6.775973498,6.546731287
130.7625203,2.686252814
158.7382333,125.0433564
230.9592442,2.800560836
8.641060416,3.7657896
123.8751856,210.6436382
5.929541756,2.956833679
6.808003592,156.6417952
110.6470898,2.277189122
59.12220602,121.2992038
293.3267756,307.2028105
499.4169172,78.71086419
11.14748944,100.7075185
5.106717501,95.71268931
4.732702923,204.088244
178.8467947,139.1831885
3.527449201,140.9413864
7.621793703,108.9488237
251.9063822,185.5091458
251.9241114,3.279856081
4.823030101,66.34096564
3.667317696,174.4948879
308.3234214,2.960893782
291.7513469,3.374528965
5.225917208,517.8878168
32.86859615,934.7953904
9.297741586,2.725041325
6.697356114,2.893107043
37.986357,3.03264321
309.7949241,113.0827198
484.2144432,54.79329906
4.702650476,2.790719375
316.3712962,128.0370776
3.077121986,2.676324447
2.959264111,309.5412683
137.2377097,467.9876194
2.95265693,115.2499533
142.5549597,2.498093582
374.3659178,162.1396009
2.488216933,93.17866103
4.691854623,100.831323
17.35137742,2.96272949
3.483822747,521.935478
219.6503941,3.113950897
3.1332786,3.596956774
289.6690977,3.099223398
421.388673,83.84044575
12.21132368,218.7591691
2.799278653,0
353.4393502,229.5558793
8.545507679,72.98289611
7.063032256,2.660310122
4.143920643,2.620567595
5.268858498,3.732678786
6.088684942,104.5539206
2.800679831,97.92439929
7.788184988,91.18962858
174.6470575,102.5931534
3.417457752,2.602654797
58.6586479,95.61238767
362.1962811,2.983769184
3.518966302,76.29147118
6.103163741,215.4072214
3.323799542,80.82905238
4.960247475,2.682009951
3.871784002,3.291290494
138.6002584,2.957515815
84.88744783,117.6952184
160.4021186,74.56581623
91.10975842,3.508661449
2.934640287,3.288179221
30.81120765,3.201217371
220.4480308,143.445401
2.833463442,19.42457494
6.401895266,182.8303437
126.6836334,287.0528675
2.668902667,3.131986316
175.6926188,78.01663804
25.27261585,129.9207126
3.742338712,37.14575944
10.39078031,101.0002785
5.417378085,145.7555489
287.6804811,199.133249
261.245895,4.357691293
372.6176391,156.0916695
149.5528292,15.87002855
520.3255223,97.96139638
7.252116946,87.41695075
250.7093068,2.958677667
2.704825438,3.415931991
310.059898,2.542576036
236.4161723,119.0822182
385.3441012,312.94544
167.4272487,2.240392485
470.6592439,2.774898837
297.702348,295.2704135
72.06002656,66.38823262
307.0119103,57.49101891
8.31813855,227.0599165
268.1648883,69.02030975
152.9281144,275.3148012
2.363876496,2.680864764
370.9165477,53.0582865
192.0641161,3.135988416
200.5216855,889.0633715
8.306050544,215.8085979
6.507529312,104.56155
277.3346042,2.509822719
8.384206393,251.9916563
8.96876918,145.7343228
318.0084227,216.1697966
2.464825237,728.747248
3.485502607,3.114145439
527.6046985,2.56911638
263.2478913,2.981652622
178.8356763,122.3088467
2.828003438,3.0646789
76.79728498,3.547936634
111.6274299,32.08464312
10.06081209,2.935191678
10.51017674,97.11452788
450.4215003,163.6371254
5.998508035,79.25009102
138.3440648,2.746854672
286.7806763,210.4583299
5.183629651,57.77388955
102.4620199,88.0684001
3.963595305,91.64076072
8.300549123,2.918476916
212.8686484,89.30208074
371.2486904,96.6800028
2.852831389,44.60464638
335.7009864,3.028366062
181.5656469,144.5052797
9.736651702,644.6110385
6.632964838,2.730212063
6.684085074,2.923796922
267.9235361,48.08169028
3.417293656,91.23798388
218.588138,169.1657669
138.2767818,94.46843349
11.60022047,3.709731404
5.615392467,99.28987497
253.3052035,83.08323068
196.552695,3.744738306
7.58083126,2.884535915
9.361833314,2.302956999
3.629243071,131.4826222
199.0826944,277.2087209
7.870085678,133.9789652
153.6623225,171.2238707
356.0208406,23.15782557
4.258208529,3.616174669
2.709767804,178.7998615
228.5451998,81.97137195
7.482272718,3.271972343
7.27491823,3.357215195
466.3708224,2.606738071
7.658779369,41.977598
206.0069213,2.614195205
120.5939388,665.3658662
12.0416891,184.1432935
188.9843989,280.4953857
322.5526858,69.54848511
4.797095333,525.8896109
2.82978279,0
189.9556197,215.9593436
455.6958074,52.49737971
226.0105264,52.34987716
157.8590289,165.699714
5.132747875,3.892566547
69.90098025,2.084044378
143.1973112,2.876856732
300.4181685,151.8022755
341.3787666,192.3824158
200.3418238,2.184382243
4.645439583,153.5439489
4.682500121,2.698834104
8.580139575,130.0069328
234.4827628,190.1736126
6.831255185,3.736607736
412.0233851,103.6753151
159.8036583,246.8527912
5.196649797,187.0834229
220.921498,2.909356605
6.625690259,3.568596656
2.434240526,3.389520186
6.457391044,3.211378085
8.367384436,270.0366251
190.4694494,94.87139021
386.5751523,69.34413415
70.48537729,201.5521171
265.7395603,127.2187187
3.429037544,2.854834821
267.6835804,29.8958081
6.962510872,51.81173093
2.991062461,2.924080016
12.13452662,2.478695773
0,2.958280056
375.3293789,3.616030094
3.52266523,225.0836434
0,3.083840961
262.7585587,50.73531574
7.336122034,138.7130531
9.911573593,84.96713702
3.772339438,59.39842714
88.81266958,2.71787114
4.991957004,3.931687199
239.0578871,191.6049852
152.8761174,3.131879515
212.2552026,2.807532862
465.2749642,2.366237928
470.9677807,2.945358413
430.1638252,35.89643737
79.08717851,2.729008617
88.01840992,59.91020847
465.1002422,69.02167764
256.0289701,3.156802916
473.7266996,3.284762307
157.8997974,215.7448164
315.1058911,51.26927762
88.82999851,3.425137331
6.531214243,2.328629269
9.2948175,31.65780387
9.173252024,177.4066311
221.4510609,3.175787565
33.46986608,3.361524353
5.342387183,132.1482089
18.63269677,130.7236197
463.167516,85.07130178
230.8627423,2.690300536
5.230656845,3.5465145
174.5095608,108.4459653
8.929390472,2.946704794
6.840532105,53.01433143
2.834189034,2.461157345
9.587012864,2.629522266
43.04409865,3.349327761
5.779116825,3.099051003
635.1869599,267.6223148
4.882476403,83.65645076
5.639667927,330.2150103
122.5666819,116.0200467
8.279626279,91.67455614
305.1907323,319.7320957
7.959130614,208.1468216
3.746057605,2.488699635
324.1904264,2.810802474
8.195363222,86.6504775
219.5744512,30.8147902
11.02490098,3.142510784
2.801325178,3.64925992
5.501071185,2.888027756
9.048818762,168.4425599
119.8349029,159.0540485
13.79175471,22.80592033
304.9404251,277.5198992
0,2.666501104
390.9013399,119.3252354
390.6652105,54.61361036
7.290227157,3.076821428
154.6137861,44.49376524
8.611407863,3.700006899
6.750123935,0
7.04138212,175.0872708
0,81.91254523
7.208113486,3.426630886
6.566686148,10.55791824
9.9319446,40.72434407
2.758292205,275.0068472
0,111.2032752
3.192800523,2.692441733
270.4584884,131.8066827
53.98234825,3.244826372
137.1979071,85.34558997
2.355311828,3.084795201
3.550594745,3.62937482
2.978882015,27.99221192
165.1705796,32.05479259
5.247366117,183.1720874
106.1941914,3.615078153
11.32450148,281.1836873
281.7135595,69.92641656
11.51270173,140.9486938
393.6398697,65.4095246
5.656382415,202.144963
410.7999506,3.575351652
7.969689848,388.2959542
205.4676719,3.321273386
8.016515153,3.008646475
458.9260018,3.610354442
275.3246324,14.94165809
564.5520223,542.2617242
18.28338949,165.7510702
7.422639434,105.926241
0,161.015836
194.9041819,2.74107641
277.5370361,2.419511861
120.719855,3.206650719
2.301655657,3.340115639
3.368499035,181.2296682
6.518900573,491.2828192
11.04339734,102.440664
283.8271021,197.9675843
112.5933303,2.394211112
162.5618292,0
36.35141425,47.32174965
342.9444092,125.634804
4.945605348,3.378597872
178.3277769,2.494693767
79.32364614,176.9431005
2.895825981,67.40642195
56.6278806,18.86324917
465.8423929,166.0339948
444.3660214,2.551358247
3.414222511,3.035623665
4.676118941,118.1800874
134.9221176,2.953581707
348.9707721,605.7727557
11.39111707,83.74994316
7.144404703,2.769350297
6.879345601,64.43488093
36.78385311,67.77666045
154.2611937,3.483404632
8.30878571,2.458310251
287.1337663,147.4959598
6.941080262,121.588634
168.2329316,146.12719
3.683087749,293.3525659
2.55478989,314.9700489
3.716744845,2.601745971
6.449093458,39.21333222
2.045355457,2.409147765
255.2043096,67.04582118
218.8259647,93.98402762
502.5229224,152.8384447
143.1354575,151.958557
115.7126441,2.417329688
3.135259796,286.6158438
0,2.638652024
573.6816731,3.102285773
6.393257587,45.90857715
311.1774557,193.7317132
245.7837628,160.4250428
427.0100277,151.6777935
4.239407265,55.40847584
8.634360341,2.678416686
10.62057836,187.5042762
309.8223976,254.797538
236.8350794,218.2942251
6.939086881,3.136077433
9.554782552,200.2326662
252.3711433,3.088215523
141.9855461,204.3021543
9.012703219,96.11380413
9.471267525,28.34509542
7.252699547,139.2979617
7.442430721,132.4834241
3.862287453,86.97669852
58.47081795,157.530934
3.342142573,141.8107255
9.217078256,80.40744389
378.0296399,87.82488892
90.44340665,56.06405217
5.034020113,120.3190927
7.050840113,39.59048913
9.602525492,128.660207
371.4534913,3.026023514
74.70776637,3.447237933
2.405127021,212.6647943
196.7011353,9.093049862
34.68876981,133.6110337
154.9242268,2.15457365
4.511740411,6.809024336
192.2892333,102.8627362
332.0912923,179.6315145
4.513799546,2.84431803
200.1430881,165.2383096
323.8898318,2.283163949
12.78952921,118.2512601
207.8592533,3.246368303
4.58827711,32.04494716
7.451446638,3.036746387
255.7200693,3.189030099
262.5498346,2.955111902
5.438692722,67.99504444
243.4131874,2.711713434
4.596179957,2.938530776
128.514867,156.0212162
100.6305884,66.43167401
35.43004303,3.64241859
326.8892971,3.114460611
11.99108183,311.1023791
4.34373472,206.9105142
6.603090389,63.387507
392.5791356,106.7238848
7.079702438,74.51128021
6.168753155,2.666958135
2.950768541,2.575547048
6.847892607,113.673729
7.757414726,56.28145721
166.5076786,134.1872413
8.870807006,202.9447209
113.3494676,2.482862446
207.071716,144.6191036
7.498916219,2.355426326
7.894529859,50.37052979
4.781461702,3.432505741
461.713423,3.772687985
7.028229653,3.377917732
33.39142542,626.4504901
6.953356088,48.66364885
3.373704411,3.491911946
94.18128053,232.7433117
2.861417304,3.169003904
7.913422688,3.037894988
275.5031456,180.7593333
3.750191741,143.4105147
2.553303153,14.24445698
176.4534589,115.6668607
108.6088704,2.485007584
537.7163959,812.5109151
80.13068748,16.03412238
251.7741824,4.184897084
415.7006491,326.1540328
240.6543553,22.75829277
5.798081719,189.4060326
2.688679713,3.068752274
8.22030221,2.701096534
69.46656812,15.19171819
248.0153823,2.531228221
6.852803314,2.552951903
7.271140088,2.079720494